:020000040800F2
:1000000000000220094A000851450008594500082F
:1000100061450008694500087145000800000000BE
:10002000000000000000000000000000794500080A
:10003000874500080000000095450008A34500081A
:10004000594A0008594A0008594A0008594A000804
:10005000594A0008594A0008594A0008594A0008F4
:10006000594A0008594A0008594A0008594A0008E4
:10007000594A0008594A0008594A0008594A0008D4
:10008000594A0008594A0008594A0008000000006F
:10009000000000000000000000000000594A0008B5
:1000A000594A0008594A0008594A0008594A0008A4
:1000B000B1450008594A0008594A0008594A000841
:1000C000594A0008594A0008594A0008594A000884
:1000D000594A000861300008594A00080000000031
:1000E000594A0008594A0008594A0008000000000F
:1000F000000000000000000000000000594A000855
:1001000000000000594A0008594A0008594A0008EE
:1001100000000000000000000000000000000000DF
:10012000594A0008594A0008C5450008594A0008BC
:10013000594A000800000000000000000000000014
:10014000000000000000000000000000594A000804
:10015000594A0008594A0008594A0008594A0008F3
:10016000594A0008594A0008000000000000000039
:10017000000000000000000000000000000000007F
:1001800000000000594A00080000000000000000C4
:08019000594A0008594A000811
:1001A00010B5054C237833B9044B13B10448AFF3B1
:1001B00000800123237010BD7C000020000000009F
:1001C00054A5000808B5034B1BB103490348AFF31E
:1001D000008008BD000000008000002054A5000839
:1001E000034613F8012B002AFBD1181A0138704777
:1001F00001F0FF01102A2BDB10F0070F08D010F8D8
:10020000013B013A8B422DD010F0070F42B3F6D1DB
:10021000F0B441EA012141EA014122F007047FF0F4
:1002200000070023F0E80256083C85EA010586EA4B
:10023000010685FA47F5A3FA87F586FA47F6A5FA87
:1002400087F68EB9EED1F0BC01F0FF0102F0070293
:1002500032B110F8013B013A83EA010313B1F8D13E
:100260000020704701387047002D06BF354603381F
:10027000073815F0010F07D1013015F4807F02BF58
:10028000013015F4C03F0130F0BC0138704700BFA9
:1002900081F0004102E000BF83F0004330B54FEA37
:1002A00041044FEA430594EA050F08BF90EA020FA4
:1002B0001FBF54EA000C55EA020C7FEA645C7FEA37
:1002C000655C00F0E2804FEA5454D4EB5555B8BF5A
:1002D0006D420CDD2C4480EA020281EA030382EACB
:1002E000000083EA010180EA020281EA0303362D5D
:1002F00088BF30BD11F0004F4FEA01314FF4801C30
:100300004CEA113102D0404261EB410113F0004F41
:100310004FEA03334CEA133302D0524263EB4303F8
:1003200094EA050F00F0A780A4F10104D5F1200E96
:100330000DDB02FA0EFC22FA05F2801841F10001F1
:1003400003FA0EF2801843FA05F359410EE0A5F1C5
:1003500020050EF1200E012A03FA0EFC28BF4CF0F6
:10036000020C43FA05F3C01851EBE37101F00045AC
:1003700007D54FF0000EDCF1000C7EEB00006EEBB9
:100380000101B1F5801F1BD3B1F5001F0CD3490843
:100390005FEA30004FEA3C0C04F101044FEA44529A
:1003A00012F5800F80F09A80BCF1004F08BF5FEA21
:1003B000500C50F1000041EB045141EA050130BD01
:1003C0005FEA4C0C404141EB0101013C28BFB1F513
:1003D000801FE9D291F0000F04BF01460020B1FA5E
:1003E00081F308BF2033A3F10B03B3F120020CDA31
:1003F0000C3208DD02F1140CC2F10C0201FA0CF00F
:1004000021FA02F10CE002F11402D8BFC2F1200C73
:1004100001FA02F120FA0CFCDCBF41EA0C01904029
:10042000E41AA2BF01EB0451294330BD6FEA040472
:100430001F3C1CDA0C340EDC04F11404C4F120025D
:1004400020FA04F001FA02F340EA030021FA04F36F
:1004500045EA030130BDC4F10C04C4F1200220FAC6
:1004600002F001FA04F340EA0300294630BD21FA04
:1004700004F0294630BD94F0000F83F4801306BFCA
:1004800081F480110134013D4EE77FEA645C18BFBE
:100490007FEA655C29D094EA050F08BF90EA020F55
:1004A00005D054EA000C04BF1946104630BD91EA4D
:1004B000030F1EBF0021002030BD5FEA545C05D150
:1004C0004000494128BF41F0004130BD14F580048F
:1004D0003CBF01F5801130BD01F0004545F0FE4103
:1004E00041F470014FF0000030BD7FEA645C1ABF38
:1004F000194610467FEA655C1CBF0B46024650EA6F
:10050000013406BF52EA033591EA030F41F400219A
:1005100030BD00BF90F0000F04BF0021704730B520
:100520004FF4806404F132044FF000054FF00001F5
:1005300050E700BF90F0000F04BF0021704730B5B6
:100540004FF4806404F1320410F0004548BF40428B
:100550004FF000013EE700BF42004FEAE2014FEAE0
:1005600031014FEA02701FBF12F07F4393F07F4FBB
:1005700081F06051704732F07F4208BF704793F0BE
:100580007F4F04BF41F40021704730B54FF46074D1
:1005900001F0004521F000411CE700BF50EA0102D4
:1005A00008BF704730B54FF000050AE050EA01027D
:1005B00008BF704730B511F0004502D5404261EBED
:1005C00041014FF4806404F132045FEA915C3FF42E
:1005D000D8AE4FF003025FEADC0C18BF03325FEACB
:1005E000DC0C18BF033202EBDC02C2F1200300FA7C
:1005F00003FC20FA02F001FA03FE40EA0E0021FAA1
:1006000002F11444BDE600BF70B54FF0FF0C4CF48E
:10061000E06C1CEA11541DBF1CEA135594EA0C0F40
:1006200095EA0C0F00F0DEF82C4481EA030621EA7B
:100630004C5123EA4C5350EA013518BF52EA0335B6
:1006400041F4801143F4801338D0A0FB02CE4FF068
:100650000005E1FB02E506F00042E0FB03E54FF098
:100660000006E1FB03569CF0000F18BF4EF0010E90
:10067000A4F1FF04B6F5007F64F5407404D25FEA8C
:100680004E0E6D4146EB060642EAC62141EA55513F
:100690004FEAC52040EA5E504FEACE2EB4F1FD0C81
:1006A00088BFBCF5E06F1ED8BEF1004F08BF5FEAFF
:1006B000500E50F1000041EB045170BD06F00046B1
:1006C00046EA010140EA020081EA0301B4EB5C045E
:1006D000C2BFD4EB0C0541EA045170BD41F4801156
:1006E0004FF0000E013C00F3AB8014F1360FDEBF7B
:1006F000002001F0004170BDC4F10004203C35DA57
:100700000C341BDC04F11404C4F1200500FA05F3D9
:1007100020FA04F001FA05F240EA020001F000427A
:1007200021F0004110EBD37021FA04F642EB0601F0
:100730005EEA430E08BF20EAD37070BDC4F10C041A
:10074000C4F1200500FA04F320FA05F001FA04F2DE
:1007500040EA020001F0004110EBD37041F10001CA
:100760005EEA430E08BF20EAD37070BDC4F12005D5
:1007700000FA05F24EEA020E20FA04F301FA05F23D
:1007800043EA020321FA04F001F0004121FA04F2E5
:1007900020EA020000EBD3705EEA430E08BF20EAB5
:1007A000D37070BD94F0000F0FD101F000464000EF
:1007B00041EB010111F4801F08BF013CF7D041EA71
:1007C000060195F0000F18BF704703F00046520075
:1007D00043EB030313F4801F08BF013DF7D043EA46
:1007E0000603704794EA0C0F0CEA135518BF95EAFC
:1007F0000C0F0CD050EA410618BF52EA4306D1D183
:1008000081EA030101F000414FF0000070BD50EAA1
:10081000410606BF1046194652EA430619D094EA2B
:100820000C0F02D150EA013613D195EA0C0F05D115
:1008300052EA03361CBF104619460AD181EA030169
:1008400001F0004141F0FE4141F470014FF0000021
:1008500070BD41F0FE4141F4780170BD70B54FF0BC
:10086000FF0C4CF4E06C1CEA11541DBF1CEA13553C
:1008700094EA0C0F95EA0C0F00F0A7F8A4EB05041E
:1008800081EA030E52EA03354FEA013100F0888015
:100890004FEA03334FF0805545EA131343EA1263DE
:1008A0004FEA022245EA111545EA10654FEA002693
:1008B0000EF000419D4208BF964244F1FD0404F54C
:1008C000407402D25B084FEA3202B61A65EB0305A8
:1008D0005B084FEA32024FF480104FF4002CB6EB65
:1008E000020E75EB030E22BFB61A754640EA0C00E5
:1008F0005B084FEA3202B6EB020E75EB030E22BF25
:10090000B61A754640EA5C005B084FEA3202B6EB65
:10091000020E75EB030E22BFB61A754640EA9C0024
:100920005B084FEA3202B6EB020E75EB030E22BFF4
:10093000B61A754640EADC0055EA060E18D04FEAB2
:10094000051545EA16754FEA06164FEAC30343EA52
:1009500052734FEAC2025FEA1C1CC0D111F4801F1F
:100960000BD141EA00014FF000004FF0004CB6E718
:1009700011F4801F04BF01430020B4F1FD0C88BFB7
:10098000BCF5E06F3FF6AFAEB5EB030C04BFB6EBC2
:10099000020C5FEA500C50F1000041EB045170BDB5
:1009A0000EF0004E4EEA113114EB5C04C2BFD4EBE2
:1009B0000C0541EA045170BD41F480114FF0000E66
:1009C000013C90E645EA060E8DE60CEA135594EAE2
:1009D0000C0F08BF95EA0C0F3FF43BAF94EA0C0FE5
:1009E0000AD150EA01347FF434AF95EA0C0F7FF45A
:1009F00025AF104619462CE795EA0C0F06D152EAAE
:100A000003353FF4FDAE1046194622E750EA410691
:100A100018BF52EA43067FF4C5AE50EA41047FF4A2
:100A20000DAF52EA43057FF4EBAE12E74FEA410205
:100A3000B2F1E04324BFB3F5001CDCF1FE5C0DD93C
:100A400001F0004C4FEAC0024CEA5070B2F1004F86
:100A500040EB830008BF20F00100704711F0804F89
:100A600021D113F13872BCBF01F00040704741F44E
:100A700080114FEA5252C2F11802C2F1200C10FA52
:100A80000CF320FA02F018BF40F001004FEAC12336
:100A90004FEAD32303FA0CFC40EA0C0023FA02F3DA
:100AA0004FEA4303CCE77FEA625307D150EA0133B0
:100AB0001EBF4FF0FE4040F44000704701F0004080
:100AC00040F0FE4040F40000704700BF53B94AB9FF
:100AD000002908BF00281CBF4FF0FF314FF0FF3046
:100AE00000F088B9ADF1080C6DE904CE00F006F80D
:100AF000DDF804E0DDE9022304B070472DE9F0479A
:100B0000089D8E4604468846002B4AD18A421746E5
:100B100062D9B2FA82F64EB1C6F1200301FA06F8A4
:100B200020FA03F3B74043EA0808B4404FEA174EEF
:100B30001FFA87FCB8FBFEF1230C0EFB118843EA79
:100B4000084301FB0CF29A4209D9FB1801F1FF306E
:100B500080F0EA809A4240F2E78002393B449A1AD8
:100B6000A3B2B2FBFEF00EFB102243EA024300FBED
:100B70000CFC9C4509D9FB1800F1FF3280F0D680AF
:100B80009C4540F2D3803B44023840EA0140A3EB4D
:100B90000C0300211DB1F3400022C5E90032BDE87D
:100BA000F0878B4205D90DB1C5E900010021084647
:100BB000F5E7B3FA83F1002946D1734502D38242A7
:100BC00000F20581841A6EEB030201209046002D8D
:100BD000E5D0C5E90048E2E7002A00F09080B2FACB
:100BE00082F6002E40F0A4808A1A030C4FEA174EBA
:100BF00080B2BCB20121B2FBFEFC0EFB1C2243EA18
:100C0000024304FB0CF29A4207D9FB180CF1FF389F
:100C100002D29A4200F2E080C4469B1AB3FBFEF275
:100C20000EFB123340EA034302FB04F49C4207D953
:100C3000FB1802F1FF3002D29C4200F2CA80024649
:100C40001B1B42EA0C40A5E7C1F120068B4022FAAB
:100C500006F71F430EFA01F420FA06F32EFA06FEF9
:100C60004FEA1749234300FA01F81FFA87FCBEFB3D
:100C7000F9F01C0C09FB10EE44EA0E4400FB0CFEDC
:100C8000A64502FA01F209D93C1900F1FF3A80F0B9
:100C90009C80A64540F2998002383C44A4EB0E04A7
:100CA0001FFA83FEB4FBF9F309FB13444EEA044434
:100CB00003FB0CFCA44508D93C1903F1FF3E80F06E
:100CC0008280A4457FD9023B3C4443EA0040A4EB28
:100CD0000C04A0FB02EC64457346E14662D35FD08E
:100CE0005DB1B8EB030264EB090404FA06F622FADC
:100CF00001F31E43CC40C5E9006400214FE7B1FB7E
:100D0000F2FC010C41EA0E4180B240EA01423B464E
:100D100038463C46B846BE462026B1FBF7F1A2EB6A
:100D2000080241EA0C4166E7014618E710462CE745
:100D3000C6F120022EFA02F3B740B14020FA02F2C7
:100D40004FEA174E0A43B3FBFEF8BCB20EFB183352
:100D5000110C41EA034108FB04F9B04089454FEA10
:100D6000104380B23ED9791808F1FF3C01D2894581
:100D70001FD8A1EB0901B1FBFEF909FB04F80EFB3A
:100D8000191192B242EA0142424529D2BA1809F138
:100D9000FF31C4D24245C2D2A9F102013A44BEE7B2
:100DA000F0459DD2BEEB02036CEB070C0138E14627
:100DB00096E7A7EB09094944A8F1020CB1FBFEF93B
:100DC00009FB04F8DBE773467FE7504666E7084611
:100DD000FDE63B44023A33E7ACF1020C3B441CE72E
:100DE00049469CE7A1EB0901C446B1FBFEF909FBAA
:100DF00004F8C4E7704700BF80B485B000AF034675
:100E00000A46FB8013467B71A023FB81FB88DB092C
:100E10009BB25B009BB203F00203BB81FA89BB89E2
:100E200013439BB21AB27B79002B0CBF0123002322
:100E3000DBB21BB213431BB29BB218461437BD463C
:100E40005DF8047B7047000080B58AB004AF0346AC
:100E50003960FB801346BB800023FB8238E0FB88AF
:100E600003F00F039BB2C3F11003BB82BA8AB988A7
:100E7000FB8ACB1A9342A8BF13467B82FB880121D1
:100E80001846FFF7B9FF03463B82FB88DBB298B2F6
:100E9000FB8A3A681344398A642202927A8A019260
:100EA0000093012302460F4804F064FE0346FB73DF
:100EB000FB7B002B01D0FB7B0FE0FA8A7B8A13447B
:100EC000FB82FA887B8A1344FB80052003F038FEFE
:100ED000FA8ABB889A42C2D3002318461837BD4607
:100EE00080BD00BF9C07002080B588B004AF0346DA
:100EF0003960FB801346BB80FB8800211846FFF752
:100F00007BFF0346FB81FB88DBB29AB2F98964233D
:100F10000293BB8801933B6800930123034804F0CC
:100F200023FF034618461037BD4680BD9C070020AE
:100F300080B500AF4FF400720021054808F049FD6C
:100F40004FF401720021034808F043FD00BF80BD4B
:100F5000980000209802002080B483B000AF144BAA
:100F60000022C3F8E021124B0022C3F8E421104B09
:100F7000012283F800220E4B002283F80122002375
:100F80007B600AE00A4A7B687A339B0013444FF087
:100F900000021A607B6801337B607B68052BF1DD02
:100FA00000BF00BF0C37BD465DF8047B704700BF33
:100FB0009802002080B485B000AF78600023FB73F6
:100FC0000023BB730023FB7318E0FB7B274A7A33B3
:100FD0009B00134493ED007AFB7B9B007A681344DB
:100FE000D3ED007AFB7B77EE277A204A7A339B0099
:100FF0001344C3ED007AFB7B0133FB73FB7B052BB2
:10100000E3D91A4BD3F8E4310133184AC2F8E4317A
:10101000164BD3F8E431132B22DD0023BB7314E00D
:10102000BB7B124A7A339B00134493ED007ABB7B5F
:10103000F3EE046AC7EE267A0D4A12339B0013447E
:10104000C3ED007ABB7B0133BB73BB7B052BE7D9B8
:10105000064B002283F80022044B012283F8012270
:1010600000BF1437BD465DF8047B7047980200202E
:10107000FC08002080B400AF044B002283F801225A
:1010800000BFBD465DF8047B704700BF980200209A
:1010900080B400AF064B93F80132002B14BF01233C
:1010A0000023DBB21846BD465DF8047B704700BFE5
:1010B0009802002080B483B000AF164B002283F862
:1010C0000022144B002283F80122124B0022C3F8A5
:1010D000E42100237B6012E00F4A7B6812339B00FF
:1010E00013444FF000021A600A4A7B687A339B006F
:1010F00013444FF000021A607B6801337B607B6809
:10110000052BE9DD00BF00BF0C37BD465DF8047B51
:10111000704700BF98020020FC08002080B582B014
:1011200000AF00237B600C4B1B6B0B4A43F4800326
:101130001363094B1B6B03F480037B607B68002205
:1011400000213A2003F0FBFD3A2003F014FE00BF1B
:101150000837BD4680BD00BF0038024080B483B070
:1011600000AF00237B6032E000233B600CE01D49B0
:101170007B685A013B6813449B000B444FF000020C
:101180001A603B6801333B603B681D2BEFDD154A5D
:101190007B68DB01134478334FF000021A60114A78
:1011A0007B68DB0113447C3300221A700D4A7B6894
:1011B000DB0113447D3300221A700A4A7B68DB018D
:1011C00013447E3300221A707B6801337B607B6896
:1011D000052BC9DD00BF00BF0C37BD465DF8047BA1
:1011E000704700BF9C04002080B485B000AF034668
:1011F00087ED000AFB71FB79052B02D9DFED397A07
:1012000069E0FB79DB01384A1344BB60BB6893F8A3
:101210007E30002B22D10023FB6008E0BA68FB6817
:101220009B0013443A681A60FB680133FB60FB685B
:101230001D2BF3DDD7ED007AB3EE0E7A67EE877AD9
:10124000BB68C3ED1E7ABB681E2283F87D20BB6895
:10125000012283F87E20D7ED007A3CE0BB6893ED55
:101260001E7ABB6893F87C30BA689B001344D3EDB8
:10127000007A77EE677ABB68C3ED1E7ABB6893F895
:101280007C30BA689B0013443A681A60BB6893EDDF
:101290001E7AD7ED007A77EE277ABB68C3ED1E7A07
:1012A000BB6893F87C305A1C104B83FB0213134429
:1012B0001911D317C91A0B461B015B1A5B00D11A0F
:1012C000CAB2BB6883F87C20BB6893ED1E7AF3EE4C
:1012D0000E6AC7EE267AB0EE670A1437BD465DF88F
:1012E000047B7047000000009C04002089888888E7
:1012F00080B592B000AF00237B6400233B640023E1
:10130000FB630023BB6307F118032022002118466A
:1013100008F05FFB3B4600221A605A609A60DA6070
:101320001A615A6100237B6477E07B6C052B0DD03A
:101330007B6C9BB21A4652001344DB009BB207F150
:10134000180118221846FFF7CFFD06E007F1180331
:10135000182219468020FFF7C7FD00233B643CE0BC
:101360003B6C002B00DA03339B10FB633B6C5A424F
:1013700003F0030302F0030258BF5342BB63BB6B8D
:10138000002B05DA294B2A4A65212A4808F03EF944
:10139000FB6B9B0048333B4453F8482CBB6BC3F1B9
:1013A0000303DB00FF2101FA03F3DB431A4007F1DB
:1013B00018013B6C0B441B781946BB6BC3F103034C
:1013C000DB0001FA03F31A43FB6B9B0048333B44F9
:1013D00043F8482C3B6C01333B643B6C172BBFDD5F
:1013E00000233B6413E03B6C9B0048333B44483B89
:1013F000196811487A6C13465B0013445B003A6C21
:1014000013449B00034419603B6C01333B643B6C09
:10141000052BE8DD7B6C01337B647B6C052B84DD65
:10142000012318464837BD4680BD00BF6CA50008A3
:10143000B4A600087CA500087009002080B582B021
:1014400000AF0346FB71FB79052B12D0FB799BB2F1
:101450001A4652001344DB0098B2FA7913465B0037
:101460001344DB000E4A134418221946FFF7ECFC24
:1014700011E0FB79052B0CD1FA7913465B0013447C
:10148000DB00074A1344182219468020FFF7DCFCD2
:1014900001E0002300E0012318460837BD4680BD67
:1014A0007009002080B500AF182203499820FFF78B
:1014B000CBFC0123184680BD4409002080B58AB0CA
:1014C00000AF07F1140300221A605A609A60DA60D4
:1014D0001A6100233B61454B1B6B444A43F00403F4
:1014E0001363424B1B6B03F004033B613B69002316
:1014F000FB603E4B1B6B3D4A43F0800313633B4B49
:101500001B6B03F08003FB60FB680023BB60374B61
:101510001B6B364A43F001031363344B1B6B03F020
:101520000103BB60BB6800237B60304B1B6B2F4A01
:1015300043F0020313632D4B1B6B03F002037B602C
:101540007B68002240F21471294804F0B5F90022AA
:1015500041F21101274804F0AFF94FF460437B6179
:101560000323BB610023FB6107F1140319462248E2
:1015700004F01EF841F60B037B610323BB610023DB
:10158000FB6107F114031946194804F011F840F201
:1015900014737B610123BB610023FB6100233B6269
:1015A00007F114031946124804F002F841F211033E
:1015B0007B610123BB610023FB6100233B6207F1D8
:1015C000140319460B4803F0F3FF40F226737B61C6
:1015D0000323BB610023FB6107F11403194605488F
:1015E00003F0E6FF00BF2837BD4680BD003802404B
:1015F00000000240000402400008024080B500AF35
:10160000124B134A1A60114B124A5A600F4B0022B8
:101610009A600E4B0022DA600C4B4FF480421A6144
:101620000A4B00225A61094B00229A61074B0022A3
:10163000DA61064B00221A62044804F057F90346A7
:10164000002B01D001F0BEFF00BF80BD9C07002031
:1016500000540040A086010080B58AB000AF7860D9
:1016600007F1140300221A605A609A60DA601A6166
:101670007B681B68194A93422BD100233B61184BAE
:101680001B6B174A43F002031363154B1B6B03F0EC
:1016900002033B613B69C0237B611223BB610023D2
:1016A000FB6103233B6204237B6207F114031946A9
:1016B0000C4803F07DFF0023FB60094B1B6C084ABC
:1016C00043F400131364064B1B6C03F40013FB601C
:1016D000FB6800BF2837BD4680BD00BF00540040F6
:1016E000003802400004024080B485B000AF78604A
:1016F0007B68FB60FB68054A5A63FB6810229A63AB
:1017000000BF1437BD465DF8047B704700000240FF
:1017100080B485B000AF78607B68FB60FB68054AE9
:101720005A63FB6801229A6300BF1437BD465DF817
:10173000047B70470004024080B582B000AF78603F
:1017400039603B689BB201221946786804F0B4F80E
:1017500000BF0837BD4680BD80B582B000AF78605D
:1017600039603B689BB200221946786804F0A4F8FF
:1017700000BF0837BD4680BD80B586B002AFF860B7
:10178000B9601346FB80FB884FF6FF720092BA687F
:10179000F968044805F0EFFD002318461037BD46F0
:1017A00080BD00BF3817002080B500AF0121094877
:1017B00000F05AFB00BF8021064800F069FC034698
:1017C000012BF8D0034800F082FB024B9B6C1846BB
:1017D00080BD00BFF407002080B500AF012109489B
:1017E00000F042FB00BF8021064800F051FC034698
:1017F000012BF8D0034800F06AFB024B9B6C1846A3
:1018000080BD00BF7408002080B584B000AF0346DF
:10181000FB71B148FFF768FFAF4800F06BF9AE48C5
:1018200000F0CCF9AD48FFF773FFAC4800F094F935
:10183000AA4800F0C3F9FF23FB73A94B00221A70DA
:10184000A54800F0E1F90346FB73FB7B282B0DD084
:10185000A34B1B780133DAB2A14B1A70A14801F0F7
:10186000D9FB01219E4802F036FAE9E700BF9A4809
:1018700000F019FB984B012283F85020964B002270
:1018800083F85120944B002283F85220924B01227E
:1018900083F853200921904800F0C6F98E4B0122AD
:1018A00083F850208C4B002283F851208A4B02226F
:1018B00083F85220884B032283F853200A2186485C
:1018C00000F0B2F9844B012283F85020824B0022B1
:1018D00083F85120804B042283F852207E4B05224E
:1018E00083F853200B217C4800F09EF97A4B0122AB
:1018F00083F86420784B012283F86720764B01221D
:1019000083F86820744B002283F86920724B002210
:1019100083F86520704B002283F866206E4B072207
:1019200083F86A206C4B402283F86B20FB799AB2D3
:10193000694BA3F86C200021674800F0B9F9012138
:10194000654800F0B5F90221634800F0B1F9624B37
:10195000022283F87920604B002283F87B205E4BC3
:10196000012283F876205C4B002283F877205A4BC3
:10197000002283F87420584800F03CFA5A4801F0DD
:1019800049FBFF23FB73564B00221A70534800F0AB
:101990003BF90346FB73FB7B282B0DD0504B1B7888
:1019A0000133DAB24E4B1A70504801F033FB01217B
:1019B0004B4802F090F9E9E700BF484800F073FA9D
:1019C000464B012283F85020444B002283F85120DB
:1019D000424B002283F85220404B012283F85320CF
:1019E00009213E4800F020F93C4B012283F85020A9
:1019F0003A4B002283F85120384B022283F85220C0
:101A0000364B032283F853200A21344800F00CF9A6
:101A1000324B012283F85020304B002283F85120B2
:101A20002E4B042283F852202C4B052283F853209E
:101A30000B212A4800F0F8F8284B012283F8642093
:101A4000264B012283F86720244B012283F868206B
:101A5000224B002283F86920204B002283F8652066
:101A60001E4B002283F866201C4B072283F86A2055
:101A70001A4B402283F86B20FB799AB2174BA3F8DC
:101A80006C200021154800F013F90121134800F0E3
:101A90000FF90221114800F00BF9104B022283F8D4
:101AA00079200E4B002283F87B200C4B012283F817
:101AB00076200A4B002283F87720084B002283F817
:101AC0007420064800F096F9094801F0A3FA00BF17
:101AD0001037BD4680BD00BFF40700207408002009
:101AE000F007002098A50008ACA50008C8A50008CC
:101AF000DCA5000880B582B000AF78607B68114A31
:101B00001A607B68104A5A607B68104A9A607B684A
:101B10000F4ADA607B680F4A1A617B6800225A63B9
:101B20007B6800229A637B680022DA637B6800226C
:101B30001A647B68DB687868984700BF0837BD4641
:101B400080BD00BF79170008391700085917000831
:101B5000E91600083123000880B582B000AF786034
:101B60007B68114A1A607B68104A5A607B68104A89
:101B70009A607B680F4ADA607B680F4A1A617B685B
:101B800000225A637B6800229A637B680022DA6332
:101B90007B6800221A647B68DB687868984700BF1E
:101BA0000837BD4680BD00BF791700083917000807
:101BB00059170008111700083123000880B584B0B8
:101BC00000AF78607B680822A3F844200023FB73F1
:101BD00007E0FB7B7A681344FF221A75FB7B013315
:101BE000FB73FB7B9AB27B68B3F844309A42F0D324
:101BF000786800F054FB7B681B694FF47A70984753
:101C000000BF1037BD4680BD80B582B000AF7860A0
:101C100001220521786800F077FA7B6893F8253077
:101C200018460837BD4680BD80B582B000AF7860E9
:101C30000B46FB707B680022DA647B68DA6C7B6899
:101C400093F85030D9037B6893F851301B03194344
:101C50007B6893F852305B010B43796891F853101D
:101C60000B431A437B68DA64104B00221A6012E0BF
:101C70007B68DA6CF9780223786800F0B5FA052001
:101C800002F05EFFFB7802221946786800F03CFA09
:101C90000346064A13607B68DA6C044B1B689A4261
:101CA000E6D100BF00BF0837BD4680BDF408002064
:101CB00080B582B000AF78600B46FB707B6893F80C
:101CC0006930022B03D10121786800F0FCF97B68B0
:101CD00093F86930122B03D10021786800F0F3F9F2
:101CE0007B6800225A657B685A6D7B6893F8643084
:101CF000D9027B6893F865301B0219437B6893F81F
:101D00006630DB0119437B6893F867309B01194308
:101D10007B6893F868305B0119437B6893F86930FE
:101D2000DB0003F018030B43796891F86A100B434A
:101D30001A437B685A652E4B00221A6019E0FB7823
:101D40001933D9B27B685A6D0223786800F04CFAD7
:101D5000052002F0F5FEFB781933DBB202221946AA
:101D6000786800F0D1F90346214A13600A2002F096
:101D7000E7FE7B685A6D1E4B1B689A42DFD17B6879
:101D800000229A657B689A6D7B6893F86B301B0420
:101D90007968B1F86C100B431A437B689A65144B51
:101DA00000221A6019E0FB782133D9B27B689A6D62
:101DB0000323786800F018FA052002F0C1FEFB78D2
:101DC0002133DBB203221946786800F09DF90346FF
:101DD000074A13600A2002F0B3FE7B689A6D044B39
:101DE0001B689A42DFD100BF00BF0837BD4680BDE7
:101DF000F408002080B582B000AF78600222012193
:101E0000786800F081F902467B681A677B681A6F70
:101E100040F63C1313407A6813677B681A6F7B683F
:101E200093F8743019037B6893F876309B0219435A
:101E30007B6893F877305B0219437B6893F87930BD
:101E40009B010B43796891F87B100B431A437B6825
:101E50001A677B681A6F02230121786800F0C4F9C1
:101E600000BF0837BD4680BD80B582B000AF786046
:101E70000B46FB70FB781946786800F0DCF87B684D
:101E80005B687A68506B7A68926B114698477B68FA
:101E90009B687A68506B7A68926B1146984700BFCE
:101EA0000837BD4680BD80B582B000AF78600421A0
:101EB000786800F0C0F87B685B687A68506B7A6875
:101EC000926B1146984700BF0837BD4680BD80B56C
:101ED00084B000AF78607B6893F87A30102B59D0CB
:101EE000102B00F3A480012B02DC002B05DA9EE00E
:101EF000023B062B00F29B8099E07B6802221A7558
:101F00007B681B7D03F07F03DAB27B681A757B6800
:101F10001B7D43F04003DAB27B681A757B680422AC
:101F2000A3F844207B6893F87630012B07D17B68B7
:101F3000B3F8443001339AB27B68A3F844200023FD
:101F4000FB7307E0FB7B7A681344FF225A75FB7B27
:101F50000133FB73FB7B9AB27B68B3F844309A423F
:101F6000F0D3786800F0BFF97B6893F825301A0445
:101F70007B6893F826301B0213437A6892F8272077
:101F80001A437B689A647B6893F828207B6883F8FF
:101F900046204CE07B6800221A757B680322A3F878
:101FA00044207B6893F87630012B07D17B68B3F827
:101FB000443001339AB27B68A3F844207B68B3F8BD
:101FC000443001339AB27B68A3F844200023BB73EA
:101FD00007E0BB7B7A68134400225A75BB7B013350
:101FE000BB73BB7B9AB27B68B3F844309A42F0D3A0
:101FF000786800F078F97B6893F824301A047B68DD
:1020000093F825301B0213437A6892F826201A436E
:102010007B689A647B6893F827207B6883F8462066
:102020007B6893F828207B6883F8472000BF00BFB7
:102030001037BD4680BD80B586B000AF78600B46D6
:10204000FB7002220121786800F05EF80346FB6015
:10205000FB6823F4036323F00C03FB60FA68FB784E
:102060009B0003F03C01FB78DB0103F400630B43AE
:102070001343FB607B68FA7883F87A20FA680223BE
:102080000121786800F0B0F800BF1837BD4680BD68
:1020900080B584B000AF78600B46FB700122002150
:1020A000786800F031F80346DBB23B733A7BFB788B
:1020B0001340DBB2002B01D0012300E000231846BF
:1020C0001037BD4680BD80B586B000AF78600B4646
:1020D000FB7002220121786800F016F80346FB60CD
:1020E000FB6823F48073FB60FA68FB781B021343E0
:1020F000FB60FA6802230121786800F075F800BFE0
:102100001837BD4680BD000080B586B000AF78604E
:102110000B46FB701346BB707B68FA781A757B68B8
:102120001B7D03F07F03DAB27B681A757B681B7D29
:1021300043F04003DAB27B681A75BB789BB2013377
:102140009AB27B68A3F844207B68B3F8443001332B
:102150009AB27B68A3F844200023FB7507E0FB7D5F
:102160007A681344FF225A75FB7D0133FB75FA7DB3
:10217000BB789A42F3D3786800F091F87B68DB6F04
:1021800003F00403002B0AD0FB78164AD35C01331A
:102190007A68134493F824207B6883F847207B688F
:1021A0001A7D7B6883F8242000233B610023FB73A6
:1021B0000FE03B691B023B61FB7B01337A681344F0
:1021C00093F824301A463B6913433B61FB7B013390
:1021D000FB73FA7BBB789A42EBD33B6918461837FE
:1021E000BD4680BDC4A6000890B587B000AFF860BA
:1021F0007A601A460B46FB721346BB72FB68FA7A8A
:102200001A75FB681B7D03F07F03DAB2FB681A7551
:10221000FB681B7D23F04003DAB2FB681A75BB7ABA
:102220009BB201339AB2FB68A3F844207B687B61C0
:102230000023FB740FE0BA7AFB7C0133D31A7A696E
:10224000D1B2FA6813440A465A757B691B0A7B614E
:10225000FB7C0133FB74FA7CBB7A9A42EBD3FB68BC
:1022600003F11402FB68B3F84430DBB2BC7A1946C0
:10227000104600F079F803461A46FB6823445A7565
:10228000FB68B3F8443001339AB2FB68A3F84420EA
:10229000F86800F004F800BF1C37BD4690BD80B55B
:1022A00082B000AF78607B689B687A68506B7A6810
:1022B000926B114698477B681B687A6802F114009C
:1022C0007A6802F124017A68B2F8442098477B6862
:1022D0005B687A68506B7A68926B1146984700BFCA
:1022E0000837BD4680BD80B582B000AF78607B689E
:1022F0009B687A68506B7A68926B114698477B6846
:102300001B687A6802F114007A6802F124017A6885
:10231000B2F8442098477B685B687A68506B7A68AB
:10232000926B1146984700BF0837BD4680BD00003C
:1023300080B483B000AF78607B68C82202FB03F3EF
:10234000084AA2FB0323DB087B60FFE77B685A1E79
:102350007A60002BFAD100BF00BF0C37BD465DF894
:10236000047B7047CDCCCCCC80B485B000AF786016
:102370000B46FB700023FB730023BB7322E0BB7B87
:102380007A6813441A78FB7B5340FB7300237B73FA
:1023900012E097F90F30002B08DA97F90F305B0045
:1023A0005BB283F007035BB2FB7302E0FB7B5B0075
:1023B000FB737B7B01337B737B7B072BE9D9BB7B77
:1023C0000133BB73BA7BFB789A42D8D3FB7B1846A8
:1023D0001437BD465DF8047B7047000080B483B0BD
:1023E00000AF0346FB71104B1B781846FA790F4972
:1023F00003465B0003445B00134451F82330A3F50C
:10240000000307EE903AF8EEE77A9FED097A67EE5F
:10241000877A9FED087A67EE877AB0EE670A0C3705
:10242000BD465DF8047B7047020A0020040A0020C4
:102430000000003400401C45B0B584B000AF7860A7
:102440000023FB600C4B5B78DBB2002B18D1002320
:10245000FB600CE0FB689B007A6813441A6807492C
:10246000FB689B000B441A60FB680133FB60FB6850
:10247000052BEFDD00F0A2BD5C090020FC08002068
:10248000DF4B5B78DBB2012B40F00684DD4B93ED34
:10249000007A7B68D3ED007A67EE277A17EE900A10
:1024A000FEF75AF8D4A3D3E90023FEF7D7F9024682
:1024B0000B4614461D46D34B93ED017A7B680433DB
:1024C000D3ED007A67EE277A17EE900AFEF744F80C
:1024D000C9A3D3E90023FEF7C1F902460B46204603
:1024E0002946FDF7DBFE02460B4614461D46C54B4A
:1024F00093ED027A7B680833D3ED007A67EE277A92
:1025000017EE900AFEF728F8BBA3D3E90023FEF7E5
:10251000A5F902460B4620462946FDF7BFFE0246B6
:102520000B4614461D46B74B93ED037A7B680C337C
:10253000D3ED007A67EE277A17EE900AFEF70CF8D3
:10254000ADA3D3E90023FEF789F902460B462046E6
:102550002946FDF7A3FE02460B4614461D46A94B2D
:1025600093ED047A7B681033D3ED007A67EE277A17
:1025700017EE900AFDF7F0FF9FA3D3E90023FEF7C3
:102580006DF902460B4620462946FDF787FE0246B6
:102590000B4614461D469B4B93ED057A7B6814331E
:1025A000D3ED007A67EE277A17EE900AFDF7D4FF95
:1025B00091A3D3E90023FEF751F902460B462046CA
:1025C0002946FDF76BFE02460B4610461946FEF7FC
:1025D0002DFA03468C4A13608A4B93ED067A7B688A
:1025E000D3ED007A67EE277A17EE900AFDF7B4FF75
:1025F00081A3D3E90023FEF731F902460B461446C6
:102600001D46804B93ED077A7B680433D3ED007A47
:1026100067EE277A17EE900AFDF79EFF76A3D3E9BF
:102620000023FEF71BF902460B4620462946FDF71C
:1026300035FE02460B4614461D46724B93ED087A52
:102640007B680833D3ED007A67EE277A17EE900A9D
:10265000FDF782FF68A3D3E90023FEF7FFF80246E7
:102660000B4620462946FDF719FE02460B46144646
:102670001D46644B93ED097A7B680C33D3ED007AE9
:1026800067EE277A17EE900AFDF766FF5AA3D3E9A3
:102690000023FEF7E3F802460B4620462946FDF7E5
:1026A000FDFD02460B4614461D46564B93ED0A7A35
:1026B0007B681033D3ED007A67EE277A17EE900A25
:1026C000FDF74AFF4CA3D3E90023FEF7C7F8024603
:1026D0000B4620462946FDF7E1FD02460B4614460F
:1026E0001D46484B93ED0B7A7B681433D3ED007A8B
:1026F00067EE277A17EE900AFDF72EFF3EA3D3E987
:102700000023FEF7ABF802460B4620462946FDF7AC
:10271000C5FD02460B4610461946FEF787F90346EB
:10272000394A5360374B93ED0C7A7B68D3ED007ACE
:1027300067EE277A17EE900AFDF70EFF2EA3D3E976
:102740000023FEF78BF802460B4614461D462D4B20
:1027500093ED0D7A7B680433D3ED007A67EE277A28
:1027600017EE900AFDF7F8FE23A3D3E90023FEF746
:1027700075F802460B4620462946FDF78FFD0246B6
:102780000B4614461D461F4B93ED0E7A7B680833AB
:10279000D3ED007A67EE277A17EE900AFDF7DCFE9C
:1027A00015A3D3E90023FEF759F802460B4620464D
:1027B0002946FDF773FD02460B4614461D46114B94
:1027C00093ED0F7A7B680C33D3ED007A67EE277AAE
:1027D00017EE900AFDF7C0FE07A3D3E90023FEF72A
:1027E0003DF802460B4620462946FDF757FD0246B6
:1027F0000B4614461D4609E09A99999999992340E8
:102800005C09002070090020FC080020E04B93EDDB
:10281000107A7B681033D3ED007A67EE277A17EED3
:10282000900AFDF799FED8A3D3E90023FEF716F826
:1028300002460B4620462946FDF730FD02460B4670
:1028400014461D46D24B93ED117A7B681433D3EDB9
:10285000007A67EE277A17EE900AFDF77DFECAA38D
:10286000D3E90023FDF7FAFF02460B46204629462E
:10287000FDF714FD02460B4610461946FEF7D6F842
:102880000346C44A9360C24B93ED127A7B68D3ED42
:10289000007A67EE277A17EE900AFDF75DFEBAA37D
:1028A000D3E90023FDF7DAFF02460B4614461D4626
:1028B000B74B93ED137A7B680433D3ED007A67EE60
:1028C000277A17EE900AFDF747FEAFA3D3E900235E
:1028D000FDF7C4FF02460B4620462946FDF7DEFC05
:1028E00002460B4614461D46A94B93ED147A7B68AD
:1028F0000833D3ED007A67EE277A17EE900AFDF7DA
:102900002BFEA1A3D3E90023FDF7A8FF02460B4647
:1029100020462946FDF7C2FC02460B4614461D46DA
:102920009B4B93ED157A7B680C33D3ED007A67EE01
:10293000277A17EE900AFDF70FFE93A3D3E9002341
:10294000FDF78CFF02460B4620462946FDF7A6FC04
:1029500002460B4614461D468D4B93ED167A7B6856
:102960001033D3ED007A67EE277A17EE900AFDF761
:10297000F3FD85A3D3E90023FDF770FF02460B4664
:1029800020462946FDF78AFC02460B4614461D46A2
:102990007F4B93ED177A7B681433D3ED007A67EEA3
:1029A000277A17EE900AFDF7D7FD77A3D3E9002326
:1029B000FDF754FF02460B4620462946FDF76EFC04
:1029C00002460B4610461946FEF730F80346714A98
:1029D000D3606F4B93ED187A7B68D3ED007A67EE86
:1029E000277A17EE900AFDF7B7FD67A3D3E9002316
:1029F000FDF734FF02460B4614461D46644B93ED2B
:102A0000197A7B680433D3ED007A67EE277A17EEE4
:102A1000900AFDF7A1FD5CA3D3E90023FDF71EFF9B
:102A200002460B4620462946FDF738FC02460B4677
:102A300014461D46564B93ED1A7A7B680833D3ED46
:102A4000007A67EE277A17EE900AFDF785FD4EA310
:102A5000D3E90023FDF702FF02460B462046294634
:102A6000FDF71CFC02460B4614461D46484B93EDF1
:102A70001B7A7B680C33D3ED007A67EE277A17EE6A
:102A8000900AFDF769FD40A3D3E90023FDF7E6FEB8
:102A900002460B4620462946FDF700FC02460B463F
:102AA00014461D463A4B93ED1C7A7B681033D3EDE8
:102AB000007A67EE277A17EE900AFDF74DFD32A3F4
:102AC000D3E90023FDF7CAFE02460B4620462946FD
:102AD000FDF7E4FB02460B4614461D462C4B93EDD6
:102AE0001D7A7B681433D3ED007A67EE277A17EEF0
:102AF000900AFDF731FD24A3D3E90023FDF7AEFED4
:102B000002460B4620462946FDF7C8FB02460B4607
:102B100010461946FDF78AFF03461E4A13611C4BF7
:102B200093ED1E7A7B68D3ED007A67EE277A17EE75
:102B3000900AFDF711FD14A3D3E90023FDF78EFEE3
:102B400002460B4614461D46114B93ED1F7A7B68D7
:102B50000433D3ED007A67EE277A17EE900AFDF77B
:102B6000FBFC09A3D3E90023FDF778FE02460B46E0
:102B700020462946FDF792FB02460B4614461D46A9
:102B80000AE000BFAFF300809A9999999999234080
:102B900070090020FC0800203D4B93ED207A7B68F3
:102BA0000833D3ED007A67EE277A17EE900AFDF727
:102BB000D3FC35A3D3E90023FDF750FE02460B46B4
:102BC00020462946FDF76AFB02460B4614461D4681
:102BD0002F4B93ED217A7B680C33D3ED007A67EEAF
:102BE000277A17EE900AFDF7B7FC27A3D3E9002355
:102BF000FDF734FE02460B4620462946FDF74EFB04
:102C000002460B4614461D46214B93ED227A7B6803
:102C10001033D3ED007A67EE277A17EE900AFDF7AE
:102C20009BFC19A3D3E90023FDF718FE02460B46CF
:102C300020462946FDF732FB02460B4614461D4648
:102C4000134B93ED237A7B681433D3ED007A67EE50
:102C5000277A17EE900AFDF77FFC0BA3D3E9002338
:102C6000FDF7FCFD02460B4620462946FDF716FB04
:102C700002460B4610461946FDF7D8FE0346054AA4
:102C800053619BE1AFF300809A99999999992340F8
:102C900070090020FC080020CA4B5B78DBB2022BD5
:102CA00040F08C81C84B93ED007A7B68D3ED007ABD
:102CB00027EE277AC44BD3ED016A7B680433D3ED4A
:102CC000007A66EEA77A37EE277ABF4BD3ED026A19
:102CD0007B680833D3ED007A66EEA77A37EE277A61
:102CE000B94BD3ED036A7B680C33D3ED007A66EE03
:102CF000A77A37EE277AB44BD3ED046A7B6810339A
:102D0000D3ED007A66EEA77A37EE277AAE4BD3ED95
:102D1000056A7B681433D3ED007A66EEA77A77EE06
:102D2000277AAA4BC3ED007AA74B93ED067A7B680E
:102D3000D3ED007A27EE277AA34BD3ED076A7B68A1
:102D40000433D3ED007A66EEA77A37EE277A9E4BEE
:102D5000D3ED086A7B680833D3ED007A66EEA77A74
:102D600037EE277A984BD3ED096A7B680C33D3EDA5
:102D7000007A66EEA77A37EE277A934BD3ED0A6A8C
:102D80007B681033D3ED007A66EEA77A37EE277AA8
:102D90008D4BD3ED0B6A7B681433D3ED007A66EE6E
:102DA000A77A77EE277A894BC3ED017A864B93EDAC
:102DB0000C7A7B68D3ED007A27EE277A824BD3ED2D
:102DC0000D6A7B680433D3ED007A66EEA77A37EE9E
:102DD000277A7D4BD3ED0E6A7B680833D3ED007AFA
:102DE00066EEA77A37EE277A774BD3ED0F6A7B68CA
:102DF0000C33D3ED007A66EEA77A37EE277A724B62
:102E0000D3ED106A7B681033D3ED007A66EEA77AB3
:102E100037EE277A6C4BD3ED116A7B681433D3ED10
:102E2000007A66EEA77A77EE277A684BC3ED027ACE
:102E3000654B93ED127A7B68D3ED007A27EE277A03
:102E4000614BD3ED136A7B680433D3ED007A66EEF1
:102E5000A77A37EE277A5C4BD3ED146A7B68083388
:102E6000D3ED007A66EEA77A37EE277A564BD3ED8C
:102E7000156A7B680C33D3ED007A66EEA77A37EEDD
:102E8000277A514BD3ED166A7B681033D3ED007A65
:102E900066EEA77A37EE277A4B4BD3ED176A7B683D
:102EA0001433D3ED007A66EEA77A77EE277A474B94
:102EB000C3ED037A444B93ED187A7B68D3ED007A27
:102EC00027EE277A404BD3ED196A7B680433D3EDA4
:102ED000007A66EEA77A37EE277A3B4BD3ED1A6A73
:102EE0007B680833D3ED007A66EEA77A37EE277A4F
:102EF000354BD3ED1B6A7B680C33D3ED007A66EE5D
:102F0000A77A37EE277A304BD3ED1C6A7B681033F3
:102F1000D3ED007A66EEA77A37EE277A2A4BD3ED07
:102F20001D6A7B681433D3ED007A66EEA77A77EEDC
:102F3000277A264BC3ED047A234B93ED1E7A7B68E8
:102F4000D3ED007A27EE277A1F4BD3ED1F6A7B68FB
:102F50000433D3ED007A66EEA77A37EE277A1A4B60
:102F6000D3ED206A7B680833D3ED007A66EEA77A4A
:102F700037EE277A144BD3ED216A7B680C33D3EDFF
:102F8000007A66EEA77A37EE277A0F4BD3ED226AE6
:102F90007B681033D3ED007A66EEA77A37EE277A96
:102FA000094BD3ED236A7B681433D3ED007A66EEC8
:102FB000A77A77EE277A054BC3ED057A0023FB60ED
:102FC0001EE000BF5C09002070090020FC08002002
:102FD000FB68DAB20E49FB689B000B44D3ED007A24
:102FE000B0EE670A1046FEF7FFF8F0EE407A084AA6
:102FF000FB689B001344C3ED007AFB680133FB6060
:10300000FB68052BE4DD00BF00BF1037BD46B0BD37
:10301000FC08002080B582B000AF7860012210214A
:103020000D4802F049FC0A2001F08AFD7868FDF79E
:10303000D7F803469AB264237968084805F0A4F8E3
:103040000A2001F07DFD00221021034802F034FC2B
:1030500000BF0837BD4680BD000402403418002080
:1030600080B582B000AF134B1B681B6803F01003E0
:10307000102B17D100233B600E4B1B681B683B6075
:103080000C4B1B685B683B603B680A4BDB6B002B9F
:1030900008D0084BDB6B1B685B68FB80FB8818461D
:1030A00000F01CFC034805F09FF900BF0837BD463F
:1030B00080BD00BF3418002090B583B000AF7860A9
:1030C0007B681B68B3F1804F70D13A4B1B680133AA
:1030D000384A1360374B1968374BA3FB01235A0852
:1030E00013465B001344CA1A002A5FD1334B1B7886
:1030F0001C46FEF759FB0246314923465B00234438
:10310000DB000B441A602D4B1B781C46FEF74CFB72
:1031100002462B4923465B002344DB000B44043367
:103120001A60264B1B781C46FEF73EFB02462449DC
:1031300023465B002344DB000B4408331A601F4B1B
:103140001B781C46FEF748FB02461D4923465B00E0
:103150002344DB000B440C331A60184B1B781C46CD
:10316000FEF73AFB0246164923465B002344DB0088
:103170000B4410331A60114B1B781C46FEF72CFBD6
:1031800002460F4923465B002344DB000B44143303
:103190001A600A4B1B780133DAB2084B1A70074BDE
:1031A0001B783F2B02D9054B00221A7000BF0C3749
:1031B000BD4690BDF8080020ABAAAAAA010A0020CB
:1031C000040A002080B588B000AF4D4B9B78DBB27D
:1031D000002B01D1022300E001237B61494B1A68D7
:1031E000494B1B68D31A7A699A4200F28580454B95
:1031F0001B68454A1360424BDB78DBB2002B37D1AA
:10320000424B1B78012B77D10023FB6128E0404A19
:10321000FB699B0013441B683B613B69FB60FA68D8
:10322000FB699B00D1B23B4AD154FB681A0AFB6987
:103230009B000133D1B2374AD154FB681A0CFB69A9
:103240009B000233D1B2334AD154FB681A0EFB699A
:103250009B000333D1B22F4AD154FB690133FB6188
:10326000FB69052BD3DD1D212A4800F0B6FC43E0A5
:10327000234BDB78DBB2012B3ED10023BB6128E07E
:10328000234ABB699B0013441B68BB60BB687B601F
:103290007A68BB699B00D1B21E4AD1547B681A0A76
:1032A000BB699B000133D1B21A4AD1547B681A0C16
:1032B000BB699B000233D1B2164AD1547B681A0E07
:1032C000BB699B000333D1B2124AD154BB690133AD
:1032D000BB61BB69052BD3DD0E4B00221A760D4B6B
:1032E00000225A760B4B80229A760A4B7F22DA769E
:1032F0001C21084800F0FEFC00BF2037BD4680BD01
:103300005C090020F808002004100020000A0020BA
:10331000FC0800200810002090B589B000AF01F033
:103320009DFB00F0E7F8FEF7C9F8FDF7F7FEFEF7A2
:1033300065F900F0BDFF00F0F1FF01F097FA01F030
:1033400023FAFDF7D5FFFDF7F3FD5648FFF762FEC0
:10335000FDF704FF5448FFF75DFE0122102153489A
:1033600002F0AAFA01220121514802F0A5FA032035
:10337000FEF74AFA4F48FFF74DFE4F48FFF74AFE67
:103380004E494F4800F052FA00F038FFB861BB696F
:10339000002B01D14B4B00E04B4B1846FFF73AFE98
:1033A0004A4804F0BDFA4A4B1A684A4B1B68D31AC4
:1033B00040F6B732934206D94748FFF72BFE444BFD
:1033C0001B68444A13603B4600221A605A609A60A8
:1033D000DA601A615A61414B1A78414B1B789A4264
:1033E00042D03F4B1A783D4B1A700023FB772BE0FD
:1033F000FC7FFB7F1846FEF7F1FFF0EE407AA3005A
:1034000020333B44203BC3ED007A364B1B79DBB2C3
:10341000002B16D1FB7F344A12339B001344D3EDAB
:10342000007AFB7F9B0020333B44203B93ED007AE6
:10343000FB7F77EE677A9B0020333B44203BC3ED54
:10344000007AFB7F0133FB77FB7F052BD0D9254B1F
:103450001B79DBB2012B03D13B461846FDF7AAFDD1
:103460003B461846FEF7E8FFFDF712FE0346002B29
:1034700009D01C4B00221A71FDF7FCFDFEF712F873
:103480001A48FFF7C7FD174B1B78DBB2012B02D19F
:10349000FFF798FE03E00E4B1B68154A136000F01F
:1034A00041FA80E7F8A500081CA6000800000240C9
:1034B0000004024034A6000844A60008693E000843
:1034C0003418002060A6000878A60008EC17002039
:1034D000F80800200811002088A60008020A002031
:1034E000010A00205C090020FC0800208CA60008CE
:1034F0000410002080B594B000AF07F12003302203
:103500000021184606F065FA07F10C0300221A6044
:103510005A609A60DA601A610023BB60274B1B6C0B
:10352000264A43F080531364244B1B6C03F08053F2
:10353000BB60BB6800237B60214B1B68204A43F4BF
:10354000404313601E4B1B6803F440437B607B6861
:1035500001233B624FF480337B620223BB634FF451
:103560008003FB6308233B64C0237B640223BB64AA
:103570000423FB6407F12003184603F0DBF903463C
:10358000002B01D000F01EF80F23FB6002233B61EB
:1035900000237B614FF48053BB610023FB6107F183
:1035A0000C030321184603F03DFC0346002B01D019
:1035B00000F008F800BF5037BD4680BD003802401B
:1035C0000070004080B400AF72B600BF00BFFDE7DE
:1035D00080B483B000AF78607B689B889BB2013B6E
:1035E0009BB218460C37BD465DF8047B704780B42B
:1035F00085B000AFF860B9601346FB80FB68BA681D
:103600001A60FB68FA889A80FB680022DA80FB68FF
:1036100000221A8100BF1437BD465DF8047B704755
:1036200080B483B000AF78607B68DB889AB27B6837
:103630001B899BB2D31A9BB218460C37BD465DF866
:10364000047B7047B0B584B000AF78607B681C68BD
:103650007B681B899DB27868FFF7BAFF03462B4051
:103660009BB223441B78FB737B681B899BB201339D
:103670009AB27B681A81FB7B18461037BD46B0BDF5
:10368000B0B582B000AF78600B467B807B681C6869
:103690007B681B899AB27B8813449DB27868FFF7D8
:1036A00097FF03462B409BB223441B78DBB218469E
:1036B0000837BD46B0BD80B586B000AFF860B960D0
:1036C0001346FB80F868FFF783FF0346FB821BE08D
:1036D000FB68DB889BB20133BB82FB681B899BB212
:1036E000BA8A9A4216D0BB685A1CBA60FA68126845
:1036F000F968C98888B2F98A014089B20A441B78FE
:103700001370FB68BA8ADA80FB885A1EFA80002B95
:10371000DED100E000BF1837BD4680BD80B586B061
:1037200000AFF860B9601346FB80F868FFF750FF00
:103730000346BB82F868FFF773FF03467B82FA8873
:103740007B8A9A4201D97B8AFB800023FB8218E0A6
:10375000FB681B68FA68128991B2BA8A0A4092B271
:103760001A44FB8AB9680B441278D2B21A70FB680B
:103770001B899BB201339AB2FB681A81FB8A013321
:10378000FB82FA8AFB889A42E2D3FB8818461837F4
:10379000BD4680BD80B584B000AF78600B467B80AD
:1037A0007868FFF73DFF0346FB817A88FB899A42E0
:1037B00001D9FB897B807B681B899AB27B88134483
:1037C0009AB27B681A8100BF1037BD4680BD0000E9
:1037D00080B582B000AF78600B467B80012210215B
:1037E000104802F069F80A2001F0AAF900BF0E4B58
:1037F0001B681B681B6803F04003402BF7D10A4B82
:1038000018687A886423796804F0BEFC0A2001F005
:1038100097F900221021034802F04EF800BF083744
:10382000BD4680BD000402400C11002080B582B06E
:1038300000AF78603960124A7B681360114A3B68B8
:103840001360114B00221A704FF480620F49104828
:10385000FFF7CDFE0A2001F073F9002210210D4878
:1038600002F02AF87B681B68DA687B681B6842F004
:103870001002DA6000F010F800BF0837BD4680BDC6
:103880000C11002010110020201700202013002010
:10389000141300200004024080B500AF0C4B1B68DD
:1038A000DB6B002B04D00A4B1B68184604F01CFD90
:1038B000084B00221A70064B1B684FF40072064931
:1038C000184604F0ECFC034B01221A7000BF80BDC7
:1038D0000C110020201700201411002080B584B0A6
:1038E00000AF0346FB804FF40073FB81FA89FB882D
:1038F000D31ABB81BB89002B09D0BA89FB899A42B4
:1039000005D8BB891A4605490548FFF7D4FEFFF7DD
:10391000C3FF00BF1037BD4680BD00BF141100209B
:103920001413002080B5C4B000AF1CE000215E4835
:10393000FFF7A6FE034687F8073197F80731AA2B51
:1039400003D05948FFF77EFE0DE001215648FFF7EE
:1039500097FE034687F8063197F80631552B09D0B4
:103960005148FFF76FFE5048FFF75AFE0346032BFE
:10397000DCD800E000BF4C48FFF752FE0346032BA3
:1039800040F28A804848FFF74BFE0346A7F804310F
:103990004FF6FF73A7F80E310323A7F80C311DE093
:1039A000B7F80C3119464048FFF76AFE03460D2B65
:1039B0000FD1B7F80C3101339BB219463A48FFF7E3
:1039C0005FFE03460A2B04D1B7F80C31A7F80E317D
:1039D0000BE0B7F80C310133A7F80C31B7F80C3114
:1039E0005A1CB7F804319A42DADBB7F90E31022BD0
:1039F00054DDB7F80E310233A7F80231B7F80231BF
:103A0000042B06D1FF2387F80B310023A7F80831D8
:103A10000BE002212448FFF733FE034687F80B3101
:103A2000B7F80231053BA7F8083102211E48FFF71D
:103A3000B1FE97F80B31FF2B02D01B48FFF702FEB7
:103A4000B7F80831002B0AD0B7F80831FA2B06D89E
:103A5000B7F808213B1D19461348FFF75FFE1248CF
:103A6000FFF7F0FD034687F801310F48FFF7EAFD45
:103A7000034687F8003197F80B31FF2B0FD00B4B23
:103A80001B68002B0BD0094B1B68B7F80821391DA8
:103A900097F80B01984702E000BF00E000BF07F570
:103AA0008877BD4680BD00BF141300201011002090
:103AB00080B5C4B000AF07F58873A3F588731960AB
:103AC000114607F58873A3F2091302461A7007F529
:103AD0008873A3F586730A461A800023A7F80E316F
:103AE000B7F80E315A1CA7F80E211A4607F588734D
:103AF000A3F58273AA219954B7F80E315A1CA7F87E
:103B00000E211A4607F58873A3F58273552199543F
:103B1000B7F80E315A1CA7F80E21194607F588731D
:103B2000A3F5827307F58872A2F2091212785A542B
:103B300007F58873A3F588731B68002B28D007F559
:103B40008873A3F586731B88002B21D007F5887333
:103B5000A3F586731B88FB2B1AD8B7F80E3107F133
:103B60000C02D01807F58873A3F586731A8807F539
:103B70008873A3F58873196805F0B7FF07F5887394
:103B8000A3F58673B7F80E211B881344A7F80E31EE
:103B9000B7F80E315A1CA7F80E211A4607F588739C
:103BA000A3F582730D219954B7F80E315A1CA7F86A
:103BB0000E211A4607F58873A3F582730A219954DA
:103BC000B7F80E2107F10C0311461846FFF700FE67
:103BD00000BF07F58877BD4680BD80B5C4B000AF93
:103BE00007F58873A3F5867318600A4607F588738E
:103BF000A3F587731A800023A7F80E31B7F80E31AA
:103C00005A1CA7F80E211A4607F58873A3F582738C
:103C1000AA219954B7F80E315A1CA7F80E211A465A
:103C200007F58873A3F582735521995407F58873B6
:103C3000A3F586731B68002B28D007F58873A3F5BE
:103C400087731B88002B21D007F58873A3F5877332
:103C50001B88FC2B1AD8B7F80E3107F10C02D018CC
:103C600007F58873A3F587731A8807F58873A3F59A
:103C70008673196805F039FF07F58873A3F5877314
:103C8000B7F80E211B881344A7F80E31B7F80E3190
:103C90005A1CA7F80E211A4607F58873A3F58273FC
:103CA0000D219954B7F80E315A1CA7F80E211A4667
:103CB00007F58873A3F582730A219954B7F80E218A
:103CC00007F10C0311461846FFF782FD00BF07F508
:103CD0008877BD4680BD80B582B000AF78600B4666
:103CE0007B807B8819467868FFF772FD00BF083734
:103CF000BD4680BD80B5C4B000AF07F58873A3F59D
:103D0000867318600A4607F58873A3F587731A80CF
:103D10000023A7F80E3107F58873A3F586731B6897
:103D2000002B28D007F58873A3F587731B88002B19
:103D300021D007F58873A3F587731B88FC2B1AD84D
:103D4000B7F80E3107F10C02D01807F58873A3F508
:103D500087731A8807F58873A3F58673196805F0C9
:103D6000C4FE07F58873A3F58773B7F80E211B8887
:103D70001344A7F80E31B7F80E2107F10C031146D2
:103D80001846FFF725FD00BF07F58877BD4680BDC3
:103D900080B485B000AF786087ED000A3B68FB60B7
:103DA000FB68DAB27B681A70FB681A0A7B68013319
:103DB000D2B21A70FB681A0C7B680233D2B21A7046
:103DC000FB681A0E7B680333D2B21A7000BF143737
:103DD000BD465DF8047B704780B485B000AF786065
:103DE0007B6803331B781A467B6802331B781B02FF
:103DF0001A437B6801331B781B041A437B681B78CA
:103E00001B061343FB60FB68BB60BB6807EE903A80
:103E1000B0EE670A1437BD465DF8047B704780B585
:103E200082B000AF03463960FB711346BB80FB795B
:103E300063F07F03DBB2BA8839681846FFF738FEB3
:103E400000BF0837BD4680BD80B582B000AF0346D5
:103E5000FB71FB79002200211846FFF7E0FF00BF4D
:103E60000837BD4680BD000090B5ADB000AF034639
:103E70003960FB711346BB80FB79013B352B00F2A7
:103E8000A78101A252F823F0613F0008773F0008A4
:103E90008D3F000813400008474000085B400008C1
:103EA0007F400008D1410008D1410008D1410008FD
:103EB000D1410008D1410008D1410008D14100089A
:103EC000D1410008D1410008D1410008D14100088A
:103ED000D1410008D1410008D1410008D14100087A
:103EE000D1410008D1410008D1410008D14100086A
:103EF000D1410008D1410008D1410008D14100085A
:103F0000D141000851410008D1410008D1410008C9
:103F1000D1410008D1410008D1410008D141000839
:103F2000D1410008D1410008D1410008D141000829
:103F3000D1410008D1410008D1410008D141000819
:103F4000D1410008DF400008F340000803410008A9
:103F50003141000821410008414100081341000897
:103F6000A14B00221A70A14B00221A70FB7918464F
:103F7000FFF76AFF34E19C4B01221A709B4B012230
:103F80001A70FB791846FFF75FFF29E1964B1B6912
:103F90005A1C95490A61C7F8A43000233B73D7F82F
:103FA000A430DBB27B73D7F8A4301B0ADBB2BB733F
:103FB000D7F8A4301B0CDBB2FB73D7F8A4301B0E70
:103FC000DBB23B740023C7F8AC3017E0D7F8AC3055
:103FD0009B00053307F10C021A448549D7F8AC3031
:103FE0009B000B44D3ED007AB0EE670A1046FFF752
:103FF000CFFED7F8AC300133C7F8AC30D7F8AC30CF
:10400000052BE3DD07F10C031D211846FFF7E5FD45
:10401000E6E0BB88002B07D1734B9B899BB2013331
:104020009AB2714B9A81DBE03B681B78002B14BF7E
:1040300001230023DBB21A466B4B9A70FB791846BA
:10404000FFF702FFCCE06B48FCF7CAF803469BB2CF
:1040500019466848FFF73FFEC2E0664B1B8A1B0A01
:104060009BB2DBB23B73634B1B8ADBB27B7307F102
:104070000C01FB7902221846FFF7D1FEB0E05A4B43
:104080001B78DBB23B73584B5B78DBB27B73564BD0
:104090009B78DBB2BB73544BDB78DBB2FB73524BC8
:1040A0005B899BB2DBB23B744F4B5B899BB21B0AB3
:1040B0009BB2DBB27B744C4B9B899BB2DBB2BB7473
:1040C000494B9B899BB21B0A9BB2DBB2FB7407F185
:1040D0000C01FB7908221846FFF7A1FE80E0FCF7EF
:1040E0003BFF414B01221A71FB791846FFF7ACFEEA
:1040F00076E03D4B0022DA70FB791846FFF7A4FE0C
:104100006EE0394B0122DA70FB791846FFF79CFE0E
:1041100066E0FCF7CFFFFB791846FFF795FE5FE0FE
:10412000314B00225A70FB791846FFF78DFE57E09D
:104130002D4B01225A70FB791846FFF785FE4FE0A0
:10414000294B02225A70FB791846FFF77DFE47E0A3
:10415000BB88182B07D8244B9B899BB201339AB29A
:10416000214B9A813CE00023C7F8A8301EE0D7F825
:10417000A8309B0001333A681A443B681B781C4600
:104180001046FFF729FEF0EE407A1B4923465B00FC
:1041900023445B00D7F8A82013449B000B44C3EDD5
:1041A000007AD7F8A8300133C7F8A830D7F8A8307C
:1041B000052BDCDD3B681B781846FDF73FF93B68B3
:1041C0001A78FB791343DBB21846FFF73DFE07E090
:1041D000054B9B899BB201339AB2034B9A8100BF76
:1041E00000BFB437BD4690BD5C090020000A002026
:1041F000FC080020000000207009002080B483B07B
:1042000000AF00237B60284B1B68002B12D0264B8D
:104210001B68DB6803F40053002B03D0234B0122FF
:104220001A730EE0214B00221A737B6843F480332B
:104230007B6006E01D4B00221A737B6843F48033D9
:104240007B60194BDB6B002B18D0174BDB6B1B68AB
:10425000002B13D0144BDB6B1B681B6803F00103AE
:10426000002B03D0114B01225A730EE00F4B00229A
:104270005A737B6843F400337B6006E00B4B0022EB
:104280005A737B6843F400337B60084B1B6823F44C
:1042900070227B681343054A13607B6818460C370D
:1042A000BD465DF8047B70473418002024170020B9
:1042B00080B500AF174B184A1A60164B4FF4827244
:1042C0005A60144B00229A60124B0022DA60114BA4
:1042D00000221A610F4B00225A610E4B4FF40072FC
:1042E0009A610C4B2022DA610A4B00221A62094BB8
:1042F00000225A62074B00229A62064B0A22DA62B7
:10430000044802F0AFFF0346002B01D0FFF75AF933
:1043100000BF80BD381700200030014080B500AFDD
:10432000174B184A1A60164B4FF482725A60144B9E
:1043300000229A60124B0022DA60114B02221A61AD
:104340000F4B01225A610E4B4FF400729A610C4BD5
:104350000822DA610A4B00221A62094B00225A62D3
:10436000074B00229A62064B0A22DA62044802F0E6
:1043700079FF0346002B01D0FFF724F900BF80BD71
:10438000901700200038004080B58CB000AF7860F6
:1043900007F11C0300221A605A609A60DA601A6101
:1043A0007B681B68324A93422CD10023BB61314B9E
:1043B0005B6C304A43F4805353642E4B5B6C03F4C4
:1043C0008053BB61BB6900237B612A4B1B6B294A6D
:1043D00043F001031363274B1B6B03F001037B6165
:1043E0007B69E023FB6102233B6200237B620323A2
:1043F000BB620523FB6207F11C0319461E4801F04E
:10440000D7F831E07B681B681C4A93422CD100230B
:104410003B61184B1B6C174A43F480431364154BE4
:104420001B6C03F480433B613B690023FB60114B31
:104430001B6B104A43F0020313630E4B1B6B03F01C
:104440000203FB60FB684FF46043FB6102233B62A5
:1044500000237B620323BB620523FB6207F11C037D
:104460001946074801F0A4F800BF3037BD4680BDAB
:104470000030014000380240000002400038004097
:104480000004024080B485B000AF0023FB602D4BD8
:104490005B6C2C4A43F4804353642A4B5B6C03F4FB
:1044A0008043FB60FB680023BB60264B1B6C254AE6
:1044B00043F080531364234B1B6C03F08053BB60A9
:1044C000BB6800237B601F4B1B6B1E4A43F001033C
:1044D00013631C4B1B6B03F001037B607B680023A1
:1044E0003B60184B1B6B174A43F002031363154BD9
:1044F0001B6B03F002033B603B68134B1B68124AC3
:1045000043F040431360114B1B68104A43F0C00353
:1045100013600E4B1B680D4A43F4407313600A4B43
:10452000DB68094A23F04043D360084BDB68074A45
:1045300023F47073D36000BF1437BD465DF8047B6D
:10454000704700BF003802400000024000040240F3
:1045500080B400AF00BFFDE780B400AF00BFFDE74F
:1045600080B400AF00BFFDE780B400AF00BFFDE73F
:1045700080B400AF00BFFDE780B400AF00BFBD4610
:104580005DF8047B704780B400AF00BFBD465DF8A6
:10459000047B704780B400AF00BFBD465DF8047B6C
:1045A000704780B500AF00F0ABFA00BF80BD0000DF
:1045B00080B500AF024803F015FA00BF80BD00BF10
:1045C000EC17002080B500AF024800F087FD00BF67
:1045D00080BD00BF7C18002080B400AF01231846C6
:1045E000BD465DF8047B704780B582B000AF78604F
:1045F000396005F04DFA034616221A604FF0FF337A
:1046000018460837BD4680BD80B582B000AF7860DF
:104610004FF0FF317868FFF7E7FF00BFFDE780B597
:1046200086B000AFF860B9607A6000237B610AE071
:10463000AFF300800146BB685A1CBA60CAB21A7058
:104640007B6901337B617A697B689A42F0DB7B6826
:1046500018461837BD4680BD80B586B000AFF860FB
:10466000B9607A6000237B6109E0BB685A1CBA60BC
:104670001B781846AFF300807B6901337B617A6950
:104680007B689A42F1DB7B6818461837BD4680BDCF
:1046900080B483B000AF78604FF0FF3318460C371A
:1046A000BD465DF8047B704780B483B000AF78608E
:1046B00039603B684FF400525A60002318460C37AB
:1046C000BD465DF8047B704780B483B000AF78606E
:1046D000012318460C37BD465DF8047B704780B453
:1046E00085B000AFF860B9607A60002318461437CF
:1046F000BD465DF8047B704780B586B000AF78603A
:10470000144A154BD31A7B617B693B61134B1B68C1
:10471000002B02D1114B124A1A60104B1A687B68A9
:1047200013443A699A4207D205F0B2F903460C22C3
:104730001A604FF0FF3309E0084B1B68FB60074B22
:104740001A687B681344054A1360FB6818461837DB
:10475000BD4680BD0000022000040000E8170020D4
:10476000301A002080B400AF064BD3F88830054AD9
:1047700043F47003C2F8883000BFBD465DF8047B87
:10478000704700BF00ED00E080B586B000AF07F1D4
:10479000080300221A605A609A60DA603B460022E1
:1047A0001A605A601D4B4FF080421A601B4B5F220B
:1047B0005A601A4B00229A60184B40F2E732DA60D6
:1047C000164B00221A61154B00229A61134803F020
:1047D00057F80346002B01D0FEF7F4FE4FF4805348
:1047E000BB6007F1080319460C4803F0EBF90346D8
:1047F000002B01D0FEF7E6FE00233B6000237B6028
:104800003B461946054803F0EDFB0346002B01D05B
:10481000FEF7D8FE00BF1837BD4680BDEC1700205C
:1048200080B584B000AF78607B681B68B3F1804FBF
:1048300015D10023FB600C4B1B6C0B4A43F00103AA
:104840001364094B1B6C03F00103FB60FB6800223F
:1048500001211C2000F073FA1C2000F08CFA00BF2C
:104860001037BD4680BD00BF0038024080B500AFA4
:10487000114B124A1A60104B4FF4E1325A600E4B42
:1048800000229A600C4B0022DA600B4B00221A6166
:10489000094B0C225A61084B00229A61064B0022F8
:1048A000DA61054803F020FC0346002B01D0FEF737
:1048B00089FE00BF80BD00BF3418002000100140F9
:1048C00080B58AB000AF786007F1140300221A6047
:1048D0005A609A60DA601A617B681B68444A9342A6
:1048E00040F0828000233B61424B5B6C414A43F0C5
:1048F000100353643F4B5B6C03F010033B613B6957
:104900000023FB603B4B1B6B3A4A43F001031363EC
:10491000384B1B6B03F00103FB60FB680023BB609B
:10492000344B1B6B334A43F002031363314B1B6B55
:1049300003F00203BB60BB684FF400437B610223BA
:10494000BB610023FB6103233B6207237B6207F10A
:1049500014031946284800F02BFE08237B6102232C
:10496000BB610023FB6103233B6207237B6207F1EA
:1049700014031946214800F01BFE214B214A1A60FE
:104980001F4B4FF000625A601D4B00229A601C4B77
:104990000022DA601A4B4FF480621A61184B002231
:1049A0005A61174B00229A61154B4FF48072DA61FD
:1049B000134B00221A62124B00225A62104800F078
:1049C000F5F90346002B01D0FEF7FCFD7B680C4A8D
:1049D000DA630B4A7B68936300220021252000F0F4
:1049E000AEF9252000F0C7F900BF2837BD4680BDCD
:1049F0000010014000380240000002400004024064
:104A00007C18002040640240DFF834D0FFF7AAFE93
:104A10000C480D490D4A002302E0D458C450043319
:104A2000C4188C42F9D30A4A0A4C002301E01360EF
:104A30000432A242FBD305F031F8FEF76DFC70475B
:104A400000000220000000207C000020A0A7000839
:104A50007C0000202C1A0020FEE7000080B500AF8B
:104A60000E4B1B680D4A43F4007313600B4B1B681D
:104A70000A4A43F480631360084B1B68074A43F4F7
:104A800080731360032000F04FF90F2000F008F846
:104A9000FFF7F8FC0023184680BD00BF003C024031
:104AA00080B582B000AF7860124B1A68124B1B7849
:104AB00019464FF47A73B3FBF1F3B2FBF3F31846E4
:104AC00000F067F90346002B01D001230EE07B685C
:104AD0000F2B0AD8002279684FF0FF3000F02FF931
:104AE000064A7B681360002300E00123184608375C
:104AF000BD4680BD140000201C00002018000020CE
:104B000080B400AF064B1B781A46064B1B68134453
:104B1000044A136000BFBD465DF8047B704700BFC8
:104B20001C000020DC18002080B400AF034B1B6881
:104B30001846BD465DF8047B704700BFDC180020B6
:104B400080B584B000AF7860FFF7EEFFB8607B6897
:104B5000FB60FB68B3F1FF3F05D00A4B1B781A4698
:104B6000FB681344FB6000BFFFF7DEFF0246BB6833
:104B7000D31AFA689A42F7D800BF00BF1037BD4673
:104B800080BD00BF1C00002080B485B000AF7860FD
:104B90007B6803F00703FB600C4BDB68BB60BA6803
:104BA0004FF6FF031340BB60FB681A02BB68134358
:104BB00043F0BF6343F40033BB60044ABB68D36077
:104BC00000BF1437BD465DF8047B704700ED00E080
:104BD00080B400AF044BDB681B0A03F007031846E0
:104BE000BD465DF8047B704700ED00E080B483B003
:104BF00000AF0346FB7197F90730002B0BDBFB7905
:104C000003F01F02074997F907305B09012000FAFA
:104C100002F241F8232000BF0C37BD465DF8047B4B
:104C2000704700BF00E100E080B483B000AF0346EE
:104C30003960FB7197F90730002B0ADB3B68DAB269
:104C40000C4997F907301201D2B20B4483F80023C4
:104C50000AE03B68DAB20849FB7903F00F03043B32
:104C60001201D2B20B441A7600BF0C37BD465DF874
:104C7000047B704700E100E000ED00E080B489B003
:104C800000AFF860B9607A60FB6803F00703FB616E
:104C9000FB69C3F10703042B28BF0423BB61FB6935
:104CA0000433062B02D9FB69033B00E000237B6140
:104CB0004FF0FF32BB6902FA03F3DA43BB681A40D4
:104CC0007B699A404FF0FF317B6901FA03F3D943C6
:104CD0007B680B40134318462437BD465DF8047BC0
:104CE0007047000080B582B000AF78607B68013B00
:104CF000B3F1807F01D301230FE00A4A7B68013BB7
:104D000053600F214FF0FF30FFF78EFF054B00225D
:104D10009A60044B07221A60002318460837BD46E4
:104D200080BD00BF10E000E080B582B000AF7860C9
:104D30007868FFF729FF00BF0837BD4680BD80B502
:104D400086B000AF0346B9607A60FB7300237B61D5
:104D5000FFF73EFF78617A68B9687869FFF78EFFE0
:104D6000024697F90F3011461846FFF75DFF00BF66
:104D70001837BD4680BD80B582B000AF0346FB71D9
:104D800097F907301846FFF731FF00BF0837BD46D7
:104D900080BD80B582B000AF78607868FFF7A2FF71
:104DA000034618460837BD4680BD000080B586B072
:104DB00000AF786000237B61FFF7B6FE38617B6847
:104DC000002B01D1012399E07B68022283F8352072
:104DD0007B68002283F834207B681B681A687B6834
:104DE0001B6822F001021A600FE0FFF79DFE0246E9
:104DF0003B69D31A052B08D97B6820225A657B684A
:104E0000032283F83520032378E07B681B681B6846
:104E100003F00103002BE8D17B681B681B687B61F2
:104E20007A69384B13407B617B685A687B689B6862
:104E30001A437B68DB681A437B681B691A437B68EB
:104E40005B691A437B689B691A437B68DB691A4379
:104E50007B681B6A13437A6913437B617B685B6AD7
:104E6000042B07D17B68DA6A7B681B6B13437A6972
:104E700013437B617B681B687A691A607B681B68D7
:104E80005B697B617B6923F007037B617B685B6AFD
:104E90007A6913437B617B685B6A042B17D17B685B
:104EA0009B6A7A6913437B617B68DB6A002B0ED0B7
:104EB000786800F001FB0346002B08D07B68402295
:104EC0005A657B68012283F83520012316E07B6850
:104ED0001B687A695A61786800F0B8FA0346FB608B
:104EE0007B68DB6D3F229A40FB689A607B680022FA
:104EF0005A657B68012283F835200023184618374D
:104F0000BD4680BD3F8010F080B586B000AFF86030
:104F1000B9607A603B600023FB75FB689B6D3B6169
:104F2000FB6893F83430012B01D1022340E0FB6889
:104F3000012283F83420FB6893F83530DBB2012B73
:104F40002FD1FB68022283F83520FB6800225A65C6
:104F50003B687A68B968F86800F04AFAFB68DB6D6C
:104F60003F229A403B699A60FB681B681A68FB689D
:104F70001B6842F016021A60FB681B6C002B07D0FE
:104F8000FB681B681A68FB681B6842F008021A601D
:104F9000FB681B681A68FB681B6842F001021A6014
:104FA00005E0FB68002283F834200223FB75FB7DBB
:104FB00018461837BD4680BD80B584B000AF786014
:104FC0007B689B6DFB60FFF7AFFDB8607B6893F873
:104FD0003530DBB2022B08D07B6880225A657B68B3
:104FE000002283F83420012352E07B681B681A6892
:104FF0007B681B6822F016021A607B681B685A697E
:105000007B681B6822F080025A617B681B6C002B56
:1050100003D17B689B6C002B07D07B681B681A68E8
:105020007B681B6822F008021A607B681B681A689C
:105030007B681B6822F001021A6013E0FFF774FD21
:105040000246BB68D31A052B0CD97B6820225A650F
:105050007B68032283F835207B68002283F83420A4
:10506000032315E07B681B681B6803F00103002B1A
:10507000E4D17B68DB6D3F229A40FB689A607B68D5
:10508000012283F835207B68002283F83420002336
:1050900018461037BD4680BD80B483B000AF78603D
:1050A0007B6893F83530DBB2022B04D07B6880221A
:1050B0005A6501230CE07B68052283F835207B6864
:1050C0001B681A687B681B6822F001021A600023C3
:1050D00018460C37BD465DF8047B704780B586B036
:1050E00000AF78600023BB608E4B1B688E4AA2FB2A
:1050F00003239B0A7B617B689B6D3B613B691B685B
:10510000FB607B68DB6D08229A40FB681340002B34
:105110001AD07B681B681B6803F00403002B13D0B4
:105120007B681B681A687B681B6822F004021A609F
:105130007B68DB6D08229A403B699A607B685B6DF7
:1051400043F001027B685A657B68DB6D01229A405F
:10515000FB681340002B12D07B681B685B6903F06F
:105160008003002B0BD07B68DB6D01229A403B69EA
:105170009A607B685B6D43F002027B685A657B68CE
:10518000DB6D04229A40FB681340002B12D07B6831
:105190001B681B6803F00203002B0BD07B68DB6DE0
:1051A00004229A403B699A607B685B6D43F004027D
:1051B0007B685A657B68DB6D10229A40FB68134060
:1051C000002B43D07B681B681B6803F00803002B8F
:1051D0003CD07B68DB6D10229A403B699A607B680B
:1051E0001B681B6803F48023002B18D07B681B68A6
:1051F0001B6803F40023002B08D17B681B6C002B79
:1052000024D07B681B6C786898471FE07B689B6C98
:10521000002B1BD07B689B6C7868984716E07B68F6
:105220001B681B6803F48073002B07D17B681B6825
:105230001A687B681B6822F008021A607B681B6C86
:10524000002B03D07B681B6C786898477B68DB6D0C
:1052500020229A40FB681340002B00F08F807B686F
:105260001B681B6803F01003002B00F087807B682D
:10527000DB6D20229A403B699A607B6893F8353059
:10528000DBB2052B36D17B681B681A687B681B680C
:1052900022F016021A607B681B685A697B681B68DB
:1052A00022F080025A617B681B6C002B03D17B6863
:1052B0009B6C002B07D07B681B681A687B681B6897
:1052C00022F008021A607B68DB6D3F229A403B693E
:1052D0009A607B68012283F835207B68002283F87E
:1052E00034207B681B6D002B7ED07B681B6D78683B
:1052F000984779E07B681B681B6803F48023002BC8
:105300001DD07B681B681B6803F40023002B0DD1A4
:105310007B685B6C002B31D07B685B6C786898474E
:105320002CE000BF14000020B5814E1B7B68DB6BB6
:10533000002B23D07B68DB6B786898471EE07B6886
:105340001B681B6803F48073002B0FD17B681B68FC
:105350001A687B681B6822F010021A607B680122C1
:1053600083F835207B68002283F834207B68DB6B70
:10537000002B03D07B68DB6B786898477B685B6D9C
:10538000002B32D07B685B6D03F00103002B22D031
:105390007B68052283F835207B681B681A687B6868
:1053A0001B6822F001021A60BB680133BB607A6996
:1053B0009A4207D37B681B681B6803F00103002B2C
:1053C000F2D100E000BF7B68012283F835207B68C2
:1053D000002283F834207B68DB6C002B05D07B68CF
:1053E000DB6C7868984700E000BF1837BD4680BD89
:1053F00080B485B000AFF860B9607A603B60FB684C
:105400001B681A68FB681B6822F480221A60FB681C
:105410001B683A685A60FB689B68402B08D1FB68A0
:105420001B687A689A60FB681B68BA68DA6007E0F4
:10543000FB681B68BA689A60FB681B687A68DA6068
:1054400000BF1437BD465DF8047B704780B485B05B
:1054500000AF78607B681B68DBB2103B144AA2FB8C
:1054600003231B09FB60134AFB6813441B781A468D
:105470007B68DA65FB68032B09D97B681B6823F41A
:105480007F7323F003031A1D7B689A6507E07B682E
:105490001B6823F47F7323F003037A6893657B68AA
:1054A0009B6D18461437BD465DF8047B704700BFFE
:1054B000ABAAAAAA18A7000880B485B000AF78608C
:1054C0000023FB737B689B6ABB607B689B69002B36
:1054D0001FD1BB68032B56D801A252F823F000BF9E
:1054E000F154000803550008F154000887550008DE
:1054F0007B68DB6A03F08073002B46D00123FB73CB
:1055000043E07B68DB6AB3F1C07F40D10123FB73CA
:105510003DE07B689B69B3F5005F21D1BB68032B3D
:1055200037D801A252F823F0395500083F5500083A
:1055300039550008515500080123FB7330E07B68A2
:10554000DB6A03F08073002B25D00123FB7322E07C
:105550007B68DB6AB3F1C07F1FD10123FB731CE0C2
:10556000BB68022B03D9BB68032B03D018E00123CF
:10557000FB7315E07B68DB6A03F08073002B0ED0B1
:105580000123FB730BE000BF0AE000BF08E000BF8F
:1055900006E000BF04E000BF02E000BF00E000BF83
:1055A000FB7B18461437BD465DF8047B704700BF8F
:1055B00080B489B000AF7860396000237B6100233C
:1055C0003B610023BB610023FB6159E10122FB69C0
:1055D00002FA03F37B613B681B687A6913403B6105
:1055E0003A697B699A4240F048813B685B6803F006
:1055F0000303012B05D03B685B6803F00303022B18
:1056000030D17B689B68BB61FB695B00032202FAB7
:1056100003F3DB43BA691340BB613B68DA68FB699B
:105620005B0002FA03F3BA691343BB617B68BA6992
:105630009A607B685B68BB610122FB6902FA03F335
:10564000DB43BA691340BB613B685B681B0903F02D
:105650000102FB6902FA03F3BA691343BB617B6879
:10566000BA695A603B685B6803F00303032B17D0E9
:105670007B68DB68BB61FB695B00032202FA03F312
:10568000DB43BA691340BB613B689A68FB695B0006
:1056900002FA03F3BA691343BB617B68BA69DA6043
:1056A0003B685B6803F00303022B23D1FB69DA0834
:1056B0007B68083253F82230BB61FB6903F00703B3
:1056C0009B000F2202FA03F3DB43BA691340BB616C
:1056D0003B681A69FB6903F007039B0002FA03F3B6
:1056E000BA691343BB61FB69DA087B680832B969A0
:1056F00043F822107B681B68BB61FB695B000322D7
:1057000002FA03F3DB43BA691340BB613B685B6891
:1057100003F00302FB695B0002FA03F3BA69134367
:10572000BB617B68BA691A603B685B6803F440330D
:10573000002B00F0A2800023FB60574B5B6C564AA5
:1057400043F480435364544B5B6C03F48043FB602D
:10575000FB68524AFB699B08023352F82330BB6155
:10576000FB6903F003039B000F2202FA03F3DB4300
:10577000BA691340BB617B68494A934219D07B6880
:10578000484A934213D07B68474A93420DD07B68C6
:10579000464A934207D07B68454A934201D104238D
:1057A00008E0072306E0032304E0022302E00123CC
:1057B00000E00023FA6902F0030292009340BA6904
:1057C0001343BB613549FB699B080233BA6941F851
:1057D0002320384B9B68BB613B69DB43BA691340AC
:1057E000BB613B685B6803F48013002B03D0BA698C
:1057F0003B691343BB612F4ABB6993602D4BDB6848
:10580000BB613B69DB43BA691340BB613B685B68C2
:1058100003F40013002B03D0BA693B691343BB6147
:10582000244ABB69D360234B5B68BB613B69DB43A4
:10583000BA691340BB613B685B6803F40033002B1B
:1058400003D0BA693B691343BB611A4ABB69536011
:10585000184B1B68BB613B69DB43BA691340BB61F2
:105860003B685B6803F48033002B03D0BA693B6963
:105870001343BB610F4ABB691360FB690133FB61D2
:10588000FB690F2B7FF6A2AE00BF00BF2437BD46D9
:105890005DF8047B704700BF0038024000380140CB
:1058A000000002400004024000080240000C0240D8
:1058B00000100240003C014080B483B000AF78602B
:1058C0000B467B8013467B707B78002B03D07A8855
:1058D0007B689A6103E07B881A047B689A6100BF49
:1058E0000C37BD465DF8047B7047000080B584B07E
:1058F00000AF78607B68002B01D101232BE17B682E
:1059000093F83D30DBB2002B06D17B68002283F890
:105910003C207868FBF7A0FE7B68242283F83D20BA
:105920007B681B681A687B681B6822F001021A609A
:105930007B681B681A687B681B6842F400421A6027
:105940007B681B681A687B681B6822F400421A6037
:1059500001F060FCF8607B685B68814A934207D87D
:10596000FB68804A934294BF01230023DBB206E028
:10597000FB687D4A934294BF01230023DBB2002BD6
:1059800001D00123E7E0FB68784AA2FB03239B0CCC
:10599000BB607B681B685B6823F03F017B681B680A
:1059A000BA680A435A607B681B681B6A23F03F0190
:1059B0007B685B686A4A934202D8BB68013309E09E
:1059C000BB684FF4967202FB03F3694AA2FB032300
:1059D0009B0901337A6812680B4313627B681B686A
:1059E000DB6923F44F4222F0FF027B685B685C496D
:1059F0008B4219D8FB68591E7B685B685B00B1FB62
:105A0000F3F3591C40F6FC730B40002B0AD0FB68E3
:105A1000591E7B685B685B00B1FBF3F30133C3F392
:105A20000B0351E004234FE07B689B68002B11D1EE
:105A3000FB68581E7B6859680B465B000B44B0FB43
:105A4000F3F30133C3F30B03002B0CBF012300233B
:105A5000DBB212E0FB68581E7B6859680B469B005E
:105A60000B4499000B44B0FBF3F30133C3F30B0376
:105A7000002B0CBF01230023DBB2002B01D001233C
:105A800022E07B689B68002B0ED1FB68581E7B6868
:105A900059680B465B000B44B0FBF3F30133C3F3CF
:105AA0000B0343F400430FE0FB68581E7B68596802
:105AB0000B469B000B4499000B44B0FBF3F30133FE
:105AC000C3F30B0343F44043796809681343CB6184
:105AD0007B681B681B6823F0C0017B68DA697B6800
:105AE0001B6A1A437B681B680A431A607B681B6841
:105AF0009B6823F4034323F0FF037A6811697A68F3
:105B0000D26811437A6812680B4393607B681B6804
:105B1000DB6823F0FF017B685A697B689B691A4345
:105B20007B681B680A43DA607B681B681A687B68BD
:105B30001B6842F001021A607B6800221A647B68CD
:105B4000202283F83D207B6800221A637B680022B4
:105B500083F83E20002318461037BD4680BD00BFA5
:105B6000A08601007F841E00FF083D0083DE1B43EA
:105B7000D34D621080B588B002AFF8600846114678
:105B80001A4603467B810B463B811346FB80FEF79A
:105B9000CBFF7861FB6893F83D30DBB2202B40F0FF
:105BA000D9807B690093192301226D49F86800F0C0
:105BB0008BFC0346002B01D00223CCE0FB6893F85A
:105BC0003C30012B01D10223C5E0FB68012283F8A0
:105BD0003C20FB681B681B6803F00103012B07D006
:105BE000FB681B681A68FB681B6842F001021A60B8
:105BF000FB681B681A68FB681B6822F400621A6065
:105C0000FB68212283F83D20FB68402283F83E2078
:105C1000FB6800221A64FB683A6A5A62FB68BA8C15
:105C20005A85FB685B8D9AB2FB681A85FB684D4A02
:105C3000DA62F8883A8979897B690193BB6A0093B3
:105C40000346F86800F0C2FA0346002B52D0012345
:105C500081E07A69B96AF86800F050FD0346002BCC
:105C60000DD0FB681B6C042B07D1FB681B681A68FE
:105C7000FB681B6842F400721A6001236BE0FB684A
:105C80005B6A1A78FB681B681A61FB685B6A5A1CBE
:105C9000FB685A62FB681B8D013B9AB2FB681A8550
:105CA000FB685B8D9BB2013B9AB2FB685A85FB682F
:105CB0001B685B6903F00403042B1BD1FB681B8D7D
:105CC000002B17D0FB685B6A1A78FB681B681A61A7
:105CD000FB685B6A5A1CFB685A62FB681B8D013BC0
:105CE0009AB2FB681A85FB685B8D9BB2013B9AB246
:105CF000FB685A85FB681B8D002BAAD17A69B96AAB
:105D0000F86800F043FD0346002B0DD0FB681B6CC8
:105D1000042B07D1FB681B681A68FB681B6842F4F8
:105D200000721A60012316E0FB681B681A68FB68A2
:105D30001B6842F400721A60FB68202283F83D2041
:105D4000FB68002283F83E20FB68002283F83C2099
:105D5000002300E0022318461837BD4680BD00BF6F
:105D6000020010000000FFFF80B58CB002AFF860A9
:105D7000084611461A4603467B810B463B81134673
:105D8000FB80FEF7D1FE7862FB6893F83D30DBB212
:105D9000202B40F014827B6A0093192301227B4957
:105DA000F86800F091FB0346002B01D0022307E2C4
:105DB000FB6893F83C30012B01D1022300E2FB6821
:105DC000012283F83C20FB681B681B6803F0010379
:105DD000012B07D0FB681B681A68FB681B6842F040
:105DE00001021A60FB681B681A68FB681B6822F4D2
:105DF00000621A60FB68222283F83D20FB68402283
:105E000083F83E20FB6800221A64FB683A6B5A62F2
:105E1000FB68BA8E5A85FB685B8D9AB2FB681A855F
:105E2000FB685B4ADA62F8883A8979897B6A019370
:105E3000BB6B00930346F86800F05EFA0346002B44
:105E400001D00123BCE1FB681B8D002B13D1002383
:105E50003B62FB681B685B693B62FB681B689B6974
:105E60003B623B6AFB681B681A68FB681B6842F46C
:105E700000721A6090E1FB681B8D012B1BD1FB683F
:105E80001B681A68FB681B6822F480621A60002392
:105E9000FB61FB681B685B69FB61FB681B689B69B6
:105EA000FB61FB69FB681B681A68FB681B6842F4AE
:105EB00000721A6070E1FB681B8D022B1BD1FB681E
:105EC0001B681A68FB681B6822F480621A60FB6812
:105ED0001B681A68FB681B6842F400621A600023A2
:105EE000BB61FB681B685B69BB61FB681B689B69E6
:105EF000BB61BB6950E100237B61FB681B685B6988
:105F00007B61FB681B689B697B617B6944E1FB6883
:105F10001B8D032B00F2F180FB681B8D012B23D11D
:105F20007A6AB96BF86800F079FC0346002B01D05F
:105F3000012345E1FB681B681A69FB685B6AD2B202
:105F40001A70FB685B6A5A1CFB685A62FB681B8DFF
:105F5000013B9AB2FB681A85FB685B8D9BB2013BE3
:105F60009AB2FB685A8517E1FB681B8D022B4ED154
:105F70007B6A0093BB6B00220649F86800F0A4FA24
:105F80000346002B08D001231AE100BF02001000D5
:105F90000000FFFF04000100FB681B681A68FB6833
:105FA0001B6842F400721A60FB681B681A69FB6880
:105FB0005B6AD2B21A70FB685B6A5A1CFB685A6251
:105FC000FB681B8D013B9AB2FB681A85FB685B8DF1
:105FD0009BB2013B9AB2FB685A85FB681B681A6941
:105FE000FB685B6AD2B21A70FB685B6A5A1CFB687A
:105FF0005A62FB681B8D013B9AB2FB681A85FB68ED
:106000005B8D9BB2013B9AB2FB685A85C4E07B6A08
:106010000093BB6B00226C49F86800F055FA034608
:10602000002B01D00123CBE0FB681B681A68FB68DA
:106030001B6822F480621A60FB681B681A69FB689F
:106040005B6AD2B21A70FB685B6A5A1CFB685A62C0
:10605000FB681B8D013B9AB2FB681A85FB685B8D60
:106060009BB2013B9AB2FB685A857B6A0093BB6B7B
:1060700000225549F86800F027FA0346002B01D0AA
:1060800001239DE0FB681B681A68FB681B6842F4EB
:1060900000721A60FB681B681A69FB685B6AD2B2FF
:1060A0001A70FB685B6A5A1CFB685A62FB681B8D9E
:1060B000013B9AB2FB681A85FB685B8D9BB2013B82
:1060C0009AB2FB685A85FB681B681A69FB685B6AB1
:1060D000D2B21A70FB685B6A5A1CFB685A62FB6892
:1060E0001B8D013B9AB2FB681A85FB685B8D9BB2E6
:1060F000013B9AB2FB685A854EE07A6AB96BF86840
:1061000000F08CFB0346002B01D0012358E0FB6814
:106110001B681A69FB685B6AD2B21A70FB685B6A1B
:106120005A1CFB685A62FB681B8D013B9AB2FB68E4
:106130001A85FB685B8D9BB2013B9AB2FB685A855E
:10614000FB681B685B6903F00403042B24D1FB6824
:106150001B8D032B07D1FB681B681A68FB681B6843
:1061600022F480621A60FB681B681A69FB685B6A2C
:10617000D2B21A70FB685B6A5A1CFB685A62FB68F1
:106180001B8D013B9AB2FB681A85FB685B8D9BB245
:10619000013B9AB2FB685A85FB681B8D002B7FF48C
:1061A000B6AEFB68202283F83D20FB68002283F80E
:1061B0003E20FB68002283F83C20002300E00223FD
:1061C00018462837BD4680BD0400010080B588B060
:1061D00002AFF860084611461A4603467B810B461B
:1061E0003B811346FB80FB681B681A68FB681B68D1
:1061F00042F480721A607B6A00933B6A00224FF07F
:106200000111F86800F060F90346002B0DD0FB681F
:106210001B681B6803F48073B3F5807F03D1FB68B0
:106220004FF400721A6403235FE07B89DBB21A46E5
:10623000FB681B6802F0FE021A617B6A3A6A2D490C
:10624000F86800F0BBF90346002B01D001234CE0B5
:1062500000237B61FB681B685B697B61FB681B68D3
:106260009B697B617B697A6A396AF86800F046FA53
:106270000346002B0DD0FB681B6C042B07D1FB6879
:106280001B681A68FB681B6842F400721A600123DD
:106290002BE0FB88012B05D13B89DAB2FB681B6838
:1062A0001A6121E03B891B0A9BB2DAB2FB681B68CA
:1062B0001A617A6A396AF86800F020FA0346002BFE
:1062C0000DD0FB681B6C042B07D1FB681B681A6898
:1062D000FB681B6842F400721A60012305E03B89E9
:1062E000DAB2FB681B681A61002318461837BD46EE
:1062F00080BD00BF0200010080B588B002AFF86029
:10630000084611461A4603467B810B463B811346DD
:10631000FB80FB681B681A68FB681B6842F480629C
:106320001A60FB681B681A68FB681B6842F480727D
:106330001A607B6A00933B6A00224FF00111F868F3
:1063400000F0C2F80346002B0DD0FB681B681B68E9
:1063500003F48073B3F5807F03D1FB684FF40072C0
:106360001A640323AAE07B89DBB21A46FB681B6828
:1063700002F0FE021A617B6A3A6A5249F86800F03C
:106380001DF90346002B01D0012397E000237B6118
:10639000FB681B685B697B61FB681B689B697B61B1
:1063A0007B697A6A396AF86800F0A8F90346002B1D
:1063B0000DD0FB681B6C042B07D1FB681B681A68A7
:1063C000FB681B6842F400721A60012376E0FB88C8
:1063D000012B05D13B89DAB2FB681B681A6121E009
:1063E0003B891B0A9BB2DAB2FB681B681A617A6AA6
:1063F000396AF86800F082F90346002B0DD0FB687B
:106400001B6C042B07D1FB681B681A68FB681B68B0
:1064100042F400721A60012350E03B89DAB2FB6853
:106420001B681A617A6A396AF86800F067F90346EE
:10643000002B0DD0FB681B6C042B07D1FB681B687D
:106440001A68FB681B6842F400721A60012335E089
:10645000FB681B681A68FB681B6842F480721A604C
:106460007B6A00933B6A00224FF00111F86800F04C
:106470002BF80346002B0DD0FB681B681B6803F448
:106480008073B3F5807F03D1FB684FF400721A6408
:10649000032313E07B89DBB243F00103DAB2FB682C
:1064A0001B681A617B6A3A6A0649F86800F086F848
:1064B0000346002B01D0012300E0002318461837C3
:1064C000BD4680BD0200010080B584B000AFF86019
:1064D000B9603B601346FB7148E03B68B3F1FF3F96
:1064E00044D0FEF721FB0246BB69D31A3A689A42B0
:1064F00002D33B68002B39D1BB681B0CDBB2012BEC
:106500000DD1FB681B685B69DA43BB6813409BB223
:10651000002B0CBF01230023DBB21A460CE0FB6802
:106520001B689B69DA43BB6813409BB2002B0CBF0E
:1065300001230023DBB21A46FB799A4216D1FB688D
:1065400000221A63FB68202283F83D20FB680022AA
:1065500083F83E20FB681B6C43F02002FB681A6442
:10656000FB68002283F83C20012323E0BB681B0C5E
:10657000DBB2012B0DD1FB681B685B69DA43BB689A
:1065800013409BB2002B0CBF01230023DBB21A4641
:106590000CE0FB681B689B69DA43BB6813409BB245
:1065A000002B0CBF01230023DBB21A46FB799A4271
:1065B00093D0002318461037BD4680BD80B584B007
:1065C00000AFF860B9607A603B6071E0FB681B68FF
:1065D0005B6903F48063B3F5806F23D1FB681B68AC
:1065E0001A68FB681B6842F400721A60FB681B683B
:1065F0006FF480625A61FB6800221A63FB682022F4
:1066000083F83D20FB68002283F83E20FB681B6C6A
:1066100043F00402FB681A64FB68002283F83C2004
:10662000012367E07B68B3F1FF3F41D0FEF77CFABE
:1066300002463B68D31A7A689A4202D37B68002BE1
:1066400036D1BB681B0CDBB2012B0CD1FB681B687D
:106650005B69DA43BB6813409BB2002B14BF012374
:106660000023DBB20BE0FB681B689B69DA43BB6865
:1066700013409BB2002B14BF01230023DBB2002B7D
:1066800016D0FB6800221A63FB68202283F83D20A5
:10669000FB68002283F83E20FB681B6C43F020025D
:1066A000FB681A64FB68002283F83C20012321E088
:1066B000BB681B0CDBB2012B0CD1FB681B685B6950
:1066C000DA43BB6813409BB2002B14BF01230023A5
:1066D000DBB20BE0FB681B689B69DA43BB681340C5
:1066E0009BB2002B14BF01230023DBB2002B7FF4ED
:1066F0006DAF002318461037BD4680BD80B584B00D
:1067000000AFF860B9607A6034E0F86800F0E3F850
:106710000346002B01D0012334E0BB68B3F1FF3FF7
:1067200028D0FEF701FA02467B68D31ABA689A426B
:1067300002D3BB68002B1DD1FB681B685B6903F0AB
:106740008003802B16D0FB6800221A63FB6820228E
:1067500083F83D20FB68002283F83E20FB681B6C19
:1067600043F02002FB681A64FB68002283F83C2097
:10677000012307E0FB681B685B6903F08003802B43
:10678000C3D1002318461037BD4680BD80B584B004
:1067900000AFF860B9607A6034E0F86800F09BF808
:1067A0000346002B01D0012334E0BB68B3F1FF3F67
:1067B00028D0FEF7B9F902467B68D31ABA689A4224
:1067C00002D3BB68002B1DD1FB681B685B6903F01B
:1067D0000403042B16D0FB6800221A63FB682022F6
:1067E00083F83D20FB68002283F83E20FB681B6C89
:1067F00043F02002FB681A64FB68002283F83C2007
:10680000012307E0FB681B685B6903F00403042BAA
:10681000C3D1002318461037BD4680BD80B584B073
:1068200000AFF860B9607A6049E0FB681B685B699B
:1068300003F01003102B19D1FB681B686FF01002D6
:106840005A61FB6800221A63FB68202283F83D200E
:10685000FB68002283F83E20FB681A6CFB681A6410
:10686000FB68002283F83C20012330E0FEF75CF94E
:1068700002467B68D31ABA689A4202D3BB68002BDF
:106880001DD1FB681B685B6903F04003402B16D0E9
:10689000FB6800221A63FB68202283F83D20FB6816
:1068A000002283F83E20FB681B6C43F02002FB684B
:1068B0001A64FB68002283F83C20012307E0FB6890
:1068C0001B685B6903F04003402BAED100231846E0
:1068D0001037BD4680BD80B483B000AF78607B6860
:1068E0001B685B6903F48063B3F5806F1BD17B6821
:1068F0001B686FF480625A617B6800221A637B68B0
:10690000202283F83D207B68002283F83E207B68AC
:106910001B6C43F004027B681A647B68002283F8D6
:106920003C20012300E0002318460C37BD465DF8EB
:10693000047B704780B586B000AF78607B68002B21
:1069400001D1012367E27B681B6803F00103002B80
:1069500075D0884B9B6803F00C03042B0CD0854B3F
:106960009B6803F00C03082B12D1824B5B6803F485
:106970008003B3F5800F0BD17E4B1B6803F400330B
:10698000002B5BD07B685B68002B57D1012342E270
:106990007B685B68B3F5803F06D1764B1B68754A10
:1069A00043F4803313601DE07B685B68B3F5A02F70
:1069B0000CD1704B1B686F4A43F4802313606D4BFE
:1069C0001B686C4A43F4803313600BE0694B1B680F
:1069D000684A23F480331360664B1B68654A23F4CE
:1069E000802313607B685B68002B13D0FEF79CF854
:1069F000386108E0FEF798F802463B69D31A642B29
:106A000001D9032307E25B4B1B6803F40033002B1F
:106A1000F0D014E0FEF788F8386108E0FEF784F85B
:106A200002463B69D31A642B01D90323F3E1514B8E
:106A30001B6803F40033002BF0D100E000BF7B683B
:106A40001B6803F00203002B63D04A4B9B6803F0E2
:106A50000C03002B0BD0474B9B6803F00C03082B57
:106A60001CD1444B5B6803F48003002B16D1414BCF
:106A70001B6803F00203002B05D07B68DB68012B49
:106A800001D00123C7E13B4B1B6823F0F8027B6870
:106A90001B69DB00374913430B603AE07B68DB6816
:106AA000002B20D0344B01221A60FEF73DF83861EC
:106AB00008E0FEF739F802463B69D31A022B01D9E8
:106AC0000323A8E12B4B1B6803F00203002BF0D03B
:106AD000284B1B6823F0F8027B681B69DB00254903
:106AE00013430B6015E0244B00221A60FEF71CF8DC
:106AF000386108E0FEF718F802463B69D31A022B0A
:106B000001D9032387E11B4B1B6803F00203002B11
:106B1000F0D17B681B6803F00803002B36D07B683C
:106B20005B69002B16D0154B01221A60FDF7FCFFA4
:106B3000386108E0FDF7F8FF02463B69D31A022BE3
:106B400001D9032367E10B4B5B6F03F00203002BBA
:106B5000F0D01BE0094B00221A60FDF7E5FF386119
:106B60000EE0FDF7E1FF02463B69D31A022B07D97D
:106B7000032350E10038024000004742800E4742A4
:106B8000884B5B6F03F00203002BEAD17B681B6824
:106B900003F00403002B00F097800023FB75814B6A
:106BA0001B6C03F08053002B0FD10023BB607D4B87
:106BB0001B6C7C4A43F0805313647A4B1B6C03F0CC
:106BC0008053BB60BB680123FB75774B1B6803F4E4
:106BD0008073002B18D1744B1B68734A43F4807385
:106BE0001360FDF7A1FF386108E0FDF79DFF024645
:106BF0003B69D31A022B01D903230CE16A4B1B68B2
:106C000003F48073002BF0D07B689B68012B06D1C6
:106C1000644B1B6F634A43F0010313671CE07B68FE
:106C20009B68052B0CD15F4B1B6F5E4A43F004033E
:106C300013675C4B1B6F5B4A43F0010313670BE068
:106C4000584B1B6F574A23F001031367554B1B6FBB
:106C5000544A23F0040313677B689B68002B15D00C
:106C6000FDF762FF38610AE0FDF75EFF02463B690F
:106C7000D31A41F28832934201D90323CBE0494B26
:106C80001B6F03F00203002BEED014E0FDF74CFF66
:106C900038610AE0FDF748FF02463B69D31A41F22A
:106CA0008832934201D90323B5E03E4B1B6F03F0BA
:106CB0000203002BEED1FB7D012B05D1394B1B6C60
:106CC000384A23F0805313647B689B69002B00F0E3
:106CD000A180344B9B6803F00C03082B5CD07B68CD
:106CE0009B69022B41D1314B00221A60FDF71CFF3A
:106CF000386108E0FDF718FF02463B69D31A022B02
:106D000001D9032387E0274B1B6803F00073002B96
:106D1000F0D17B68DA697B681B6A1A437B685B6A1F
:106D20009B011A437B689B6A5B08013B1B041A4367
:106D30007B68DB6A1B061B4913434B601B4B01221C
:106D40001A60FDF7F1FE386108E0FDF7EDFE02463E
:106D50003B69D31A022B01D903235CE0114B1B685A
:106D600003F00073002BF0D054E0104B00221A60A7
:106D7000FDF7DAFE386108E0FDF7D6FE02463B6912
:106D8000D31A022B01D9032345E0064B1B6803F0FD
:106D90000073002BF0D13DE07B689B69012B07D18C
:106DA000012338E000380240007000406000474294
:106DB0001B4B5B68FB607B689B69012B28D0FB68E1
:106DC00003F480027B68DB699A4221D1FB6803F0FF
:106DD0003F027B681B6A9A421AD1FA6847F6C07371
:106DE00013407A68526A9201934211D1FB6803F40E
:106DF00040327B689B6A5B08013B1B049A4207D1C7
:106E0000FB6803F070627B68DB6A1B069A4201D064
:106E1000012300E0002318461837BD4680BD00BF9F
:106E20000038024080B584B000AF786039607B687C
:106E3000002B01D10123CCE0684B1B6803F0070352
:106E40003A689A420CD9654B3A68D2B21A70634BD1
:106E50001B6803F007033A689A4201D00123B8E0A7
:106E60007B681B6803F00203002B20D07B681B6843
:106E700003F00403002B05D0594B9B68584A43F498
:106E8000E05393607B681B6803F00803002B05D078
:106E9000534B9B68524A43F460439360504B9B684A
:106EA00023F0F0027B689B684D4913438B607B683D
:106EB0001B6803F00103002B44D07B685B68012B47
:106EC00007D1474B1B6803F40033002B19D1012372
:106ED0007FE07B685B68022B03D07B685B68032BD9
:106EE00007D13F4B1B6803F00073002B09D101232E
:106EF0006FE03B4B1B6803F00203002B01D1012321
:106F000067E0374B9B6823F003027B685B6834497A
:106F100013438B60FDF708FEF8600AE0FDF704FEFE
:106F20000246FB68D31A41F28832934201D9032307
:106F30004FE02B4B9B6803F00C027B685B689B0067
:106F40009A42EBD1254B1B6803F007033A689A423B
:106F50000CD2224B3A68D2B21A70204B1B6803F055
:106F600007033A689A4201D0012332E07B681B682C
:106F700003F00403002B08D0194B9B6823F4E05264
:106F80007B68DB68164913438B607B681B6803F0E2
:106F90000803002B09D0124B9B6823F460427B68E6
:106FA0001B69DB000E4913438B6000F021F8024699
:106FB0000B4B9B681B0903F00F030A49CB5C22FAB9
:106FC00003F3094A1360094B1B681846FDF768FD77
:106FD000002318461037BD4680BD00BF003C02406C
:106FE0000038024000A7000814000020180000200C
:106FF0002DE9B04F94B000AF00237B640023FB6405
:1070000000233B640023BB64794B9B6803F00C03B3
:10701000082B0DD0082B00F2E180002B02D0042BAE
:1070200003D0DBE0734BBB64DBE0734BBB64D8E0A5
:107030006F4B5B6803F03F037B646D4B5B6803F44D
:107040008003002B63D06A4B5B689B090022BB6303
:10705000FA63BB6BC3F308033B6300237B63D7E98D
:107060000C4522462B464FF000004FF0000159011D
:1070700041EAD261500102460B462146511A39615C
:10708000294663EB01037B614FF000024FF00003E0
:10709000D7E904AB59468B01514643EA9163514607
:1070A0008A015146B2EB0108594663EB01094FF0E2
:1070B00000024FF000034FEAC90343EA58734FEA56
:1070C000C80290469946234618EB0303BB602B4643
:1070D00049EB0303FB604FF000024FF00003D7E9D8
:1070E000024529464B02214643EAD15321464A0232
:1070F000104619467B6C0022BB62FA62D7E90A236C
:10710000F9F7E4FC02460B461346FB6458E0384BA3
:107110005B689B09002218461146C0F308033B62D6
:1071200000237B62D7E9088942464B464FF00000B6
:107130004FF00001590141EAD261500102460B466D
:107140004146B2EB010A494663EB010B4FF00002E6
:107150004FF000034FEA8B1343EA9A634FEA8A1217
:10716000B2EB0A0463EB0B054FF000024FF0000393
:10717000EB0043EA5473E20014461D464346E3180D
:107180003B604B4645EB03037B604FF000024FF042
:107190000003D7E9004529468B02214643EA915373
:1071A00021468A02104619467B6C0022BB61FA61B7
:1071B000D7E90623F9F78AFC02460B461346FB641F
:1071C0000B4B5B681B0C03F0030301335B003B6458
:1071D000FA6C3B6CB2FBF3F3BB6402E0054BBB649F
:1071E00000BFBB6C18465037BD46BDE8B08F00BF2E
:1071F000003802400024F40000127A0080B400AF8E
:10720000034B1B681846BD465DF8047B704700BF02
:107210001400002080B500AFFFF7F0FF0246054BD9
:107220009B689B0A03F007030349CB5C22FA03F334
:10723000184680BD0038024010A7000880B500AF96
:10724000FFF7DCFF0246054B9B685B0B03F007036F
:107250000349CB5C22FA03F3184680BD0038024094
:1072600010A7000880B582B000AF78607B68002B63
:1072700001D101237BE07B685B6A002B08D17B682E
:107280005B68B3F5827F09D07B680022DA6105E094
:107290007B6800221A617B6800225A617B680022A9
:1072A0009A627B6893F85130DBB2002B06D17B6881
:1072B000002283F850207868FDF766F87B68022288
:1072C00083F851207B681B681A687B681B6822F072
:1072D00040021A607B685B6803F482727B689B687B
:1072E00003F404431A437B68DB6803F400631A4326
:1072F0007B681B6903F002031A437B685B6903F038
:1073000001031A437B689B6903F400731A437B688B
:10731000DB6903F038031A437B681B6A03F08003C0
:1073200042EA03017B689B6A03F400527B681B6896
:107330000A431A607B689B691B0C03F004017B689D
:107340005B6A03F010027B681B680A435A607B6823
:107350001B68DA697B681B6822F40062DA617B686B
:1073600000225A657B68012283F8512000231846C9
:107370000837BD4680BD80B58AB000AFF860B960FF
:107380007A607B8001237B62FDF7CEFB3862FB686D
:1073900093F85130FB77FB685B68BB617B88FB82AD
:1073A000FB7F012B0CD0BB69B3F5827F06D1FB6854
:1073B0009B68002B02D1FB7F042B01D002237FE1CD
:1073C000BB68002B05D07B68002B02D07B88002B8C
:1073D00001D1012374E1FB6893F85030012B01D1F6
:1073E00002236DE1FB68012283F85020FB6893F8CB
:1073F0005130DBB2042B03D0FB68052283F8512007
:10740000FB6800225A65FB687A689A63FB687A8891
:10741000DA87FB687A889A87FB68BA681A63FB6820
:107420007A88DA86FB687A889A86FB6800221A6472
:10743000FB6800225A64FB681B681B6803F040036A
:10744000402B07D0FB681B681A68FB681B6842F07A
:1074500040021A60FB68DB68B3F5006F7ED1FB6801
:107460005B68002B02D0FB8A012B6CD1FB681B6B85
:107470001A88FB681B68DA60FB681B6B9A1CFB6848
:107480001A63FB68DB8E9BB2013B9AB2FB68DA861B
:1074900059E0FB681B689B6803F00203022B1BD1B9
:1074A000FB68DB8E9BB2002B16D07B6A012B13D1BD
:1074B000FB681B6B1A88FB681B68DA60FB681B6B38
:1074C0009A1CFB681A63FB68DB8E9BB2013B9AB285
:1074D000FB68DA8600237B62FB681B689B6803F00D
:1074E0000103012B19D1FB68DB8F9BB2002B14D059
:1074F000FB681B68DA68FB689B6B92B21A80FB68BA
:107500009B6B9A1CFB689A63FB68DB8F9BB2013B09
:107510009AB2FB68DA8701237B62FDF705FB02461E
:107520003B6AD31A3A6B9A420DD83B6BB3F1FF3FDB
:1075300009D0FB68012283F85120FB68002283F800
:1075400050200323BCE0FB68DB8E9BB2002BA0D154
:10755000FB68DB8F9BB2002B9BD182E0FB685B68F2
:10756000002B02D0FB8A012B71D1FB681A6BFB68E0
:107570001B680C3312781A70FB681B6B5A1CFB6873
:107580001A63FB68DB8E9BB2013B9AB2FB68DA861A
:107590005DE0FB681B689B6803F00203022B1CD1B3
:1075A000FB68DB8E9BB2002B17D07B6A012B14D1BA
:1075B000FB681A6BFB681B680C3312781A70FB6847
:1075C0001B6B5A1CFB681A63FB68DB8E9BB2013B8A
:1075D0009AB2FB68DA8600237B62FB681B689B68B3
:1075E00003F00103012B19D1FB68DB8F9BB2002B49
:1075F00014D0FB681B68DA68FB689B6BD2B21A7008
:10760000FB689B6B5A1CFB689A63FB68DB8F9BB221
:10761000013B9AB2FB68DA8701237B62FDF784FAAB
:1076200002463B6AD31A3A6B9A4203D83B6BB3F1DA
:10763000FF3F02D13B6B002B09D1FB68012283F88D
:107640005120FB68002283F85020032338E0FB68B8
:10765000DB8E9BB2002B9CD1FB68DB8F9BB2002B97
:1076600097D13A6A396BF86800F0B6F80346002BF8
:1076700008D0FB6820225A65FB68002283F850205E
:1076800001231DE0FB689B68002B0AD100233B61AE
:10769000FB681B68DB683B61FB681B689B683B61A0
:1076A0003B69FB68012283F85120FB68002283F8C4
:1076B0005020FB685B6D002B01D0012300E000230C
:1076C00018462837BD4680BD80B588B000AFF86049
:1076D000B9603B601346FB71FDF726FA0246BB6AB0
:1076E0009B1A3A681344FB61FDF71EFAB861394BE7
:1076F0001B685B011B0DFA6902FB03F37B6155E01C
:107700003B68B3F1FF3F51D0FDF70EFA0246BB696B
:10771000D31AFA699A4202D9FB69002B3DD1FB6862
:107720001B685A68FB681B6822F0E0025A60FB681D
:107730005B68B3F5827F11D1FB689B68B3F5004F9E
:1077400004D0FB689B68B3F5806F07D1FB681B68AA
:107750001A68FB681B6822F040021A60FB689B6A8B
:10776000B3F5005F0FD1FB681B681A68FB681B68E4
:1077700022F400521A60FB681B681A68FB681B68D9
:1077800042F400521A60FB68012283F85120FB6822
:10779000002283F85020032318E07B69002B02D1DC
:1077A0000023FB6102E07B69013B7B61FB681B6896
:1077B0009A68BB681340BA689A420CBF0123002341
:1077C000DBB21A46FB799A429AD100231846203739
:1077D000BD4680BD1400002080B588B002AFF860BF
:1077E000B9607A607B680093BB6801220221F86867
:1077F000FFF76AFF0346002B07D0FB685B6D43F081
:107800002002FB685A65032332E01B4B1B681B4AAE
:10781000A2FB03235B0D4FF47A7202FB03F37B613F
:10782000FB685B68B3F5827F12D17B680093BB680D
:1078300000228021F868FFF747FF0346002B16D08F
:10784000FB685B6D43F02002FB685A6503230FE081
:107850007B69002B0AD07B69013B7B61FB681B685D
:107860009B6803F08003802BF2D000E000BF002370
:1078700018461837BD4680BD14000020819F5E1653
:1078800080B582B000AF78607B68002B01D1012306
:1078900041E07B6893F83D30DBB2002B06D17B687A
:1078A000002283F83C207868FCF7BAFF7B6802224C
:1078B00083F83D207B681A687B68043319461046BC
:1078C00000F070FA7B68012283F846207B68012271
:1078D00083F83E207B68012283F83F207B680122E9
:1078E00083F840207B68012283F841207B680122D5
:1078F00083F842207B68012283F843207B680122C1
:1079000083F844207B68012283F845207B680122AC
:1079100083F83D20002318460837BD4680BD00008F
:1079200080B485B000AF78607B6893F83D30DBB2FF
:10793000012B01D0012344E07B68022283F83D2023
:107940007B681B68DA687B681B6842F00102DA60BA
:107950007B681B681E4A934218D07B681B68B3F192
:10796000804F13D07B681B681A4A93420ED07B6805
:107970001B68194A934209D07B681B68174A9342D7
:1079800004D07B681B68164A934211D17B681B6840
:107990009B6803F00703FB60FB68062B10D07B6835
:1079A0001B681A687B681B6842F001021A6007E0D6
:1079B0007B681B681A687B681B6842F001021A60CA
:1079C000002318461437BD465DF8047B704700BF9E
:1079D000000001400004004000080040000C00408E
:1079E0000040014080B584B000AF78607B681B68C0
:1079F000DB68FB607B681B681B69BB60BB6803F0CE
:107A00000203002B20D0FB6803F00203002B1BD0E5
:107A10007B681B686FF002021A617B6801221A778B
:107A20007B681B689B6903F00303002B03D0786815
:107A300000F099F905E0786800F08BF9786800F0BB
:107A40009CF97B6800221A77BB6803F00403002BC3
:107A500020D0FB6803F00403002B1BD07B681B685D
:107A60006FF004021A617B6802221A777B681B6838
:107A70009B6903F44073002B03D0786800F073F91E
:107A800005E0786800F065F9786800F076F97B68C1
:107A900000221A77BB6803F00803002B20D0FB6894
:107AA00003F00803002B1BD07B681B686FF00802F3
:107AB0001A617B6804221A777B681B68DB6903F014
:107AC0000303002B03D0786800F04DF905E07868D7
:107AD00000F03FF9786800F050F97B6800221A77CF
:107AE000BB6803F01003002B20D0FB6803F01003E9
:107AF000002B1BD07B681B686FF010021A617B683B
:107B000008221A777B681B68DB6903F44073002B3B
:107B100003D0786800F027F905E0786800F019F9DB
:107B2000786800F02AF97B6800221A77BB6803F0B6
:107B30000103002B0CD0FB6803F00103002B07D0DE
:107B40007B681B686FF001021A617868FBF7B4FA72
:107B5000BB6803F08003002B0CD0FB6803F08003AC
:107B6000002B07D07B681B686FF080021A61786871
:107B700000F0B0FABB6803F04003002B0CD0FB68A8
:107B800003F04003002B07D07B681B686FF04002B6
:107B90001A61786800F0FBF8BB6803F02003002B43
:107BA0000CD0FB6803F02003002B07D07B681B6818
:107BB0006FF020021A61786800F082FA00BF103777
:107BC000BD4680BD80B584B000AF786039600023C9
:107BD000FB737B6893F83C30012B01D10223B4E0A6
:107BE0007B68012283F83C207B68022283F83D20D9
:107BF0007B681B689B68BB60BB6823F07703BB6036
:107C0000BB6823F47F43BB607B681B68BA689A60DB
:107C10003B681B68B3F5005F3ED0B3F5005F00F230
:107C20008780B3F5805F00F08680B3F5805F7FD8F2
:107C3000702B1AD0702B7BD8602B50D0602B77D84C
:107C4000502B3CD0502B73D8402B58D0402B6FD8A2
:107C5000302B64D0302B6BD8202B60D0202B67D8F2
:107C6000002B5CD0102B5AD062E07B6818683B6810
:107C700099683B685A683B68DB6800F093F97B6859
:107C80001B689B68BB60BB6843F07703BB607B6885
:107C90001B68BA689A604FE07B6818683B6899680F
:107CA0003B685A683B68DB6800F07CF97B681B68BE
:107CB0009A687B681B6842F480429A603CE07B686B
:107CC00018683B6859683B68DB681A4600F0F0F8B2
:107CD0007B681B685021184600F049F92CE07B684E
:107CE00018683B6859683B68DB681A4600F00FF972
:107CF0007B681B686021184600F039F91CE07B683E
:107D000018683B6859683B68DB681A4600F0D0F891
:107D10007B681B684021184600F029F90CE07B685D
:107D20001A683B681B681946104600F020F903E00A
:107D30000123FB7300E000BF7B68012283F83D2034
:107D40007B68002283F83C20FB7B18461037BD4639
:107D500080BD80B483B000AF786000BF0C37BD46F3
:107D60005DF8047B704780B483B000AF786000BFDB
:107D70000C37BD465DF8047B704780B483B000AF1C
:107D8000786000BF0C37BD465DF8047B704780B457
:107D900083B000AF786000BF0C37BD465DF8047B50
:107DA0007047000080B485B000AF786039607B68B0
:107DB0001B68FB607B68374A93420FD07B68B3F146
:107DC000804F0BD07B68344A934207D07B68334A9C
:107DD000934203D07B68324A934208D1FB6823F078
:107DE0007003FB603B685B68FA681343FB607B6869
:107DF000284A93421BD07B68B3F1804F17D07B6831
:107E0000254A934213D07B68244A93420FD07B6863
:107E1000234A93420BD07B68224A934207D07B6867
:107E2000214A934203D07B68204A934208D1FB68E1
:107E300023F44073FB603B68DB68FA681343FB6024
:107E4000FB6823F080023B685B691343FB603B687F
:107E50009A687B68DA623B681A687B689A627B681A
:107E60000C4A934203D13B681A697B681A637B68AA
:107E70001B6843F004027B681A607B6801225A6128
:107E80007B68FA681A6000BF1437BD465DF8047B52
:107E9000704700BF0000014000040040000800409F
:107EA000000C0040004001400044014000480140F7
:107EB00080B487B000AFF860B9607A60FB681B6A75
:107EC0007B61FB681B6A23F00102FB681A62FB6896
:107ED0009B693B613B6923F0F0033B617B681B01BD
:107EE0003A6913433B617B6923F00A037B617A693A
:107EF000BB6813437B61FB683A699A61FB687A69E6
:107F00001A6200BF1C37BD465DF8047B704780B421
:107F100087B000AFF860B9607A60FB681B6A7B616C
:107F2000FB681B6A23F01002FB681A62FB689B69FE
:107F30003B613B6923F470433B617B681B033A69F7
:107F400013433B617B6923F0A0037B61BB681B018A
:107F50007A6913437B61FB683A699A61FB687A69C5
:107F60001A6200BF1C37BD465DF8047B704780B4C1
:107F700085B000AF786039607B689B68FB60FB6808
:107F800023F07003FB603A68FB68134343F0070378
:107F9000FB607B68FA689A6000BF1437BD465DF8E5
:107FA000047B704780B487B000AFF860B9607A6036
:107FB0003B60FB689B687B617B6923F47F437B614B
:107FC0003B681A027B681A43BB6813437A69134300
:107FD0007B61FB687A699A6000BF1C37BD465DF81B
:107FE000047B704780B485B000AF786039607B68EF
:107FF00093F83C30012B01D1022350E07B68012231
:1080000083F83C207B68022283F83D207B681B6854
:108010005B68FB607B681B689B68BB60FB6823F048
:108020007003FB603B681B68FA681343FB607B6866
:108030001B68FA685A607B681B681C4A934218D018
:108040007B681B68B3F1804F13D07B681B68184AAC
:1080500093420ED07B681B68164A934209D07B6816
:108060001B68154A934204D07B681B68134A9342ED
:108070000CD1BB6823F08003BB603B685B68BA68C7
:108080001343BB607B681B68BA689A607B680122F7
:1080900083F83D207B68002283F83C2000231846AB
:1080A0001437BD465DF8047B704700BF00000140F7
:1080B0000004004000080040000C00400040014067
:1080C00080B483B000AF786000BF0C37BD465DF868
:1080D000047B704780B483B000AF786000BF0C377A
:1080E000BD465DF8047B704780B582B000AF786014
:1080F0007B68002B01D1012342E07B6893F841307B
:10810000DBB2002B06D17B68002283F84020786820
:10811000FCF7D6FB7B68242283F841207B681B6830
:10812000DA687B681B6822F40052DA60786800F035
:10813000F9FF7B681B681A697B681B6822F4904210
:108140001A617B681B685A697B681B6822F02A02E7
:108150005A617B681B68DA687B681B6842F40052CE
:10816000DA607B6800225A647B68202283F8412011
:108170007B68202283F842207B6800225A63002318
:1081800018460837BD4680BD80B58AB002AFF8609A
:10819000B9603B601346FB8000237B61FB6893F86A
:1081A0004130DBB2202B75D1BB68002B02D0FB889D
:1081B000002B01D101236EE0FB6800225A64FB68AA
:1081C000212283F84120FCF7AFFC7861FB68FA8834
:1081D0009A84FB68FA88DA84FB689B68B3F5805F51
:1081E00008D1FB681B69002B04D10023FB61BB682D
:1081F000BB6103E0BB68FB610023BB612EE03B6811
:1082000000937B6900228021F86800F0C9FC0346D6
:10821000002B05D0FB68202283F8412003233AE09D
:10822000FB69002B0BD1BB691B881A46FB681B68D6
:10823000C2F308025A60BB690233BB6107E0FB6905
:108240001A78FB681B685A60FB690133FB61FB68A5
:10825000DB8C9BB2013B9AB2FB68DA84FB68DB8C57
:108260009BB2002BCBD13B6800937B69002240215D
:10827000F86800F095FC0346002B05D0FB6820222F
:1082800083F84120032306E0FB68202283F8412085
:10829000002300E0022318462037BD4680BD80B58C
:1082A00084B000AFF860B9601346FB80FB6893F8B8
:1082B0004230DBB2202B12D1BB68002B02D0FB88EE
:1082C000002B01D101230BE0FB6800221A63FB881D
:1082D0001A46B968F86800F0BDFC034600E00223C6
:1082E00018461037BD4680BD80B590B000AF7860AD
:1082F0000023FB637B681B685B6903F08003802BB2
:108300000CBF01230023DBB2FB637B6893F8413091
:10831000DBB2212B28D1FB6B002B25D07B681B689F
:1083200014337B627B6A53E8003F3B623B6A23F075
:108330008003BB637B681B681433BA6B3A63FB62D0
:10834000F96A3A6B41E80023BB62BB6A002BE5D1B6
:108350007B689B6B002B04D07B689B6B1846FCF7FB
:108360002BFE786800F01CFD7B681B685B6903F0DE
:108370004003402B0CBF01230023DBB2FB637B686F
:1083800093F84230DBB2222B28D1FB6B002B25D097
:108390007B681B6814333B613B6953E8003FFB601B
:1083A000FB6823F040037B637B681B6814337A6BA4
:1083B000FA61BB61B969FA6941E800237B617B69B5
:1083C000002BE5D17B68DB6B002B04D07B68DB6B7B
:1083D0001846FCF7F1FD786800F00AFD0023184606
:1083E0004037BD4680BD000080B5BAB000AF7860B0
:1083F0007B681B681B68C7F8E4307B681B68DB6818
:10840000C7F8E0307B681B685B69C7F8DC30002385
:10841000C7F8D8300023C7F8D430D7F8E43003F0D9
:108420000F03C7F8D830D7F8D830002B0FD1D7F8C2
:10843000E43003F02003002B09D0D7F8E03003F03C
:108440002003002B03D0786800F0AEFD73E2D7F86C
:10845000D830002B00F0DE80D7F8DC3003F00103C9
:10846000002B06D1D7F8E03003F49073002B00F016
:10847000D180D7F8E43003F00103002B0BD0D7F8FC
:10848000E03003F48073002B05D07B685B6C43F015
:1084900001027B685A64D7F8E43003F00403002B30
:1084A0000BD0D7F8DC3003F00103002B05D07B683C
:1084B0005B6C43F002027B685A64D7F8E43003F047
:1084C0000203002B0BD0D7F8DC3003F00103002BA4
:1084D00005D07B685B6C43F004027B685A64D7F874
:1084E000E43003F00803002B11D0D7F8E03003F09C
:1084F0002003002B05D1D7F8DC3003F00103002B5B
:1085000005D07B685B6C43F008027B685A647B682B
:108510005B6C002B00F00A82D7F8E43003F02003F4
:10852000002B08D0D7F8E03003F02003002B02D056
:10853000786800F039FD7B681B685B6903F04003D5
:10854000402B0CBF01230023DBB2C7F8D4307B687B
:108550005B6C03F00803002B03D1D7F8D430002B59
:108560004FD0786800F044FC7B681B685B6903F0BF
:108570004003402B41D17B681B681433C7F89C3003
:10858000D7F89C3053E8003FC7F89830D7F89830B8
:1085900023F04003C7F8D0307B681B681433D7F84A
:1085A000D020C7F8A820C7F8A430D7F8A410D7F86F
:1085B000A82041E80023C7F8A030D7F8A030002B4E
:1085C000D9D17B68DB6B002B13D07B68DB6B8A4ACD
:1085D0001A657B68DB6B1846FCF75EFD0346002BD3
:1085E00016D07B68DB6B1B6D7A68D26B10469847A0
:1085F0000EE0786800F0C0F90AE0786800F0BCF995
:1086000006E0786800F0B8F97B6800225A648DE1D2
:1086100000BF8BE17B681B6B012B40F06781D7F8B3
:10862000E43003F01003002B00F06081D7F8E03055
:1086300003F01003002B00F059810023BB607B681E
:108640001B681B68BB607B681B685B68BB60BB68A2
:108650007B681B685B6903F04003402B40F0CE80D1
:108660007B68DB6B1B685B68A7F8BE30B7F8BE3071
:10867000002B00F0A9807B689B8DB7F8BE209A4242
:1086800080F0A2807B68B7F8BE20DA857B68DB6B60
:10869000DB69B3F5807F00F088807B681B680C3352
:1086A000C7F88830D7F8883053E8003FC7F88430DF
:1086B000D7F8843023F48073C7F8B8307B681B6820
:1086C0000C33D7F8B820C7F89420C7F89030D7F803
:1086D0009010D7F8942041E80023C7F88C30D7F8E1
:1086E0008C30002BD9D17B681B6814337B677B6F80
:1086F00053E8003F3B673B6F23F00103C7F8B430FA
:108700007B681B681433D7F8B420C7F88020FB6758
:10871000F96FD7F8802041E80023BB67BB6F002BBF
:10872000E1D17B681B6814333B663B6E53E8003F26
:10873000FB65FB6D23F04003C7F8B0307B681B6816
:108740001433D7F8B020FA66BB66B96EFA6E41E80A
:1087500000237B667B6E002BE3D17B68202283F8AD
:1087600042207B6800221A637B681B680C33FB6421
:10877000FB6C53E8003FBB64BB6C23F01003C7F8ED
:10878000AC307B681B680C33D7F8AC20BA657B65CE
:10879000796DBA6D41E800233B653B6D002BE3D159
:1087A0007B68DB6B1846FCF707FC7B6802225A6388
:1087B0007B689A8D7B68DB8D9BB2D31A9BB219467E
:1087C000786800F0E3F8B3E07B689B8DB7F8BE20D3
:1087D0009A4240F0AD807B68DB6BDB69B3F5807F4C
:1087E00040F0A6807B6802225A637B689B8D194605
:1087F000786800F0CBF89BE0B78E00087B689A8D14
:108800007B68DB8D9BB2D31AA7F8CE307B68DB8DFB
:108810009BB2002B00F08E80B7F8CE30002B00F01A
:1088200089807B681B680C33BB63BB6B53E8003FDC
:108830007B637B6B23F49073C7F8C8307B681B683D
:108840000C33D7F8C8207A643B64396C7A6C41E801
:108850000023FB63FB6B002BE3D17B681B681433A5
:108860007B627B6A53E8003F3B623B6A23F0010373
:10887000C7F8C4307B681B681433D7F8C4203A6348
:10888000FB62F96A3A6B41E80023BB62BB6A002BCA
:10889000E3D17B68202283F842207B6800221A63A0
:1088A0007B681B680C333B613B6953E8003FFB600E
:1088B000FB6823F01003C7F8C0307B681B680C33DB
:1088C000D7F8C020FA61BB61B969FA6941E80023B1
:1088D0007B617B69002BE3D17B6802225A63B7F886
:1088E000CE301946786800F051F823E0D7F8E4302C
:1088F00003F08003002B09D0D7F8E03003F08003A9
:10890000002B03D0786800F0E7FA14E0D7F8E430E1
:1089100003F04003002B0ED0D7F8E03003F0400303
:10892000002B08D0786800F027FB04E000BF02E0CD
:1089300000BF00E000BFE837BD4680BD80B483B013
:1089400000AF786000BF0C37BD465DF8047B704710
:1089500080B483B000AF786000BF0C37BD465DF8CF
:10896000047B704780B483B000AF786000BF0C37E1
:10897000BD465DF8047B704780B483B000AF78607B
:1089800000BF0C37BD465DF8047B704780B483B0F0
:1089900000AF78600B467B8000BF0C37BD465DF8AA
:1089A000047B704780B59CB000AF78607B689B6BA0
:1089B000FB667B681B681B6803F48073002B72D115
:1089C000FB6E0022DA85FB6E1B680C33FB64FB6CCC
:1089D00053E8003FBB64BB6C23F48073BB66FB6E43
:1089E0001B680C33BA6EBA657B65796DBA6D41E868
:1089F00000233B653B6D002BE5D1FB6E1B681433F8
:108A0000BB63BB6B53E8003F7B637B6B23F00103CD
:108A10007B66FB6E1B6814337A6E7A643B64396C38
:108A20007A6C41E80023FB63FB6B002BE5D1FB6E06
:108A30001B6814337B627B6A53E8003F3B623B6AEE
:108A400023F040033B66FB6E1B6814333A6E3A63B7
:108A5000FB62F96A3A6B41E80023BB62BB6A002BF8
:108A6000E5D1FB6E202283F84220FB6E1B6B012BAD
:108A700019D1FB6E1B680C333B613B6953E8003F27
:108A8000FB60FB6823F01003FB65FB6E1B680C3377
:108A9000FA6DFA61BB61B969FA6941E800237B614B
:108AA0007B69002BE5D1FB6E00225A63FB6E1B6BCA
:108AB000012B06D1FB6E9B8D1946F86EFFF766FF02
:108AC00002E0F86EFFF744FF00BF7037BD4680BD7F
:108AD00080B584B000AF78607B689B6BFB60FB68FF
:108AE00001225A63FB681B6B012B08D1FB689B8D2D
:108AF0005B089BB21946F868FFF748FF02E0F86888
:108B0000FFF730FF00BF1037BD4680BD80B584B091
:108B100000AF78600023FB607B689B6BBB60BB6829
:108B20001B685B6903F08003802B0CBF01230023CB
:108B3000DBB2FB60BB6893F84130DBB2212B08D17C
:108B4000FB68002B05D0BB680022DA84B86800F00F
:108B500027F9BB681B685B6903F04003402B0CBF1F
:108B600001230023DBB2FB60BB6893F84230DBB229
:108B7000222B08D1FB68002B05D0BB680022DA85C8
:108B8000B86800F035F9BB685B6C43F01002BB6855
:108B90005A64B868FFF7F0FE00BF1037BD4680BDCD
:108BA00080B586B000AFF860B9603B601346FB71DA
:108BB0003BE03B6AB3F1FF3F37D0FBF7B5FF02461E
:108BC0003B68D31A3A6A9A4202D33B6A002B01D11E
:108BD00003233AE0FB681B68DB6803F00403002B07
:108BE00023D0BB68802B20D0BB68402B1DD0FB68F6
:108BF0001B681B6803F00803082B16D100237B6158
:108C0000FB681B681B687B61FB681B685B687B619A
:108C10007B69F86800F0ECF8FB6808225A64FB688E
:108C2000002283F8402001230FE0FB681B681A68CC
:108C3000BB681340BA689A420CBF01230023DBB221
:108C40001A46FB799A42B4D0002318461837BD461D
:108C500080BD000080B598B000AFF860B9601346E1
:108C6000FB80BA68FB689A62FB68FA889A85FB68A1
:108C700000225A64FB68222283F84220FB68DB6BE7
:108C8000444ADA63FB68DB6B434A1A64FB68DB6BBC
:108C9000424ADA64FB68DB6B00221A6507F10803BD
:108CA000FB65FB68D86BFB681B6804331946FB6DDA
:108CB0001A68FB88FCF728F90346002B08D0FB68EC
:108CC00010225A64FB68202283F8422001235DE0D1
:108CD00000233B61FB681B681B683B61FB681B68EA
:108CE0005B683B613B69FB681B69002B19D0FB6823
:108CF0001B680C333B643B6C53E8003FFB63FB6B2E
:108D000043F48073BB65FB681B680C33BA6DFA646F
:108D1000BB64B96CFA6C41E800237B647B6C002B6C
:108D2000E5D1FB681B681433FB62FB6A53E8003F24
:108D3000BB62BB6A43F001037B65FB681B681433AD
:108D40007A6DBA637B63796BBA6B41E800233B634E
:108D50003B6B002BE5D1FB681B681433BB61BB691F
:108D600053E8003F7B617B6943F040033B65FB6850
:108D70001B6814333A6D7A623B62396A7A6A41E859
:108D80000023FB61FB69002BE5D100231846603707
:108D9000BD4680BDA5890008D18A00080D8B00085A
:108DA00080B489B000AF78607B681B680C33FB60CF
:108DB000FB6853E8003FBB60BB6823F0C003FB6166
:108DC0007B681B680C33FA69BA617B617969BA699F
:108DD00041E800233B613B69002BE5D17B68202201
:108DE00083F8412000BF2437BD465DF8047B7047FF
:108DF00080B495B000AF78607B681B680C337B63F0
:108E00007B6B53E8003F3B633B6B23F49073FB6445
:108E10007B681B680C33FA6C3A64FB63F96B3A6C41
:108E200041E80023BB63BB6B002BE5D17B681B686B
:108E300014333B623B6A53E8003FFB61FB6923F05C
:108E40000103BB647B681B681433BA6CFA62BB62B3
:108E5000B96AFA6A41E800237B627B6A002BE5D19C
:108E60007B681B6B012B19D17B681B680C33FB6083
:108E7000FB6853E8003FBB60BB6823F010037B64D2
:108E80007B681B680C337A6CBA617B617969BA695B
:108E900041E800233B613B69002BE5D17B68202240
:108EA00083F842207B6800221A6300BF5437BD4616
:108EB0005DF8047B704780B584B000AF78607B6854
:108EC0009B6BFB60FB680022DA85F868FFF754FDB6
:108ED00000BF1037BD4680BD80B485B000AF78605C
:108EE0007B6893F84130DBB2212B3ED17B689B68D5
:108EF000B3F5805F14D17B681B69002B10D17B68B0
:108F00001B6AFB60FB681B881A467B681B68C2F300
:108F100008025A607B681B6A9A1C7B681A6208E028
:108F20007B681B6A591C7A6811621A787B681B6817
:108F30005A607B68DB8C9BB2013B9BB27A68194616
:108F4000D184002B0FD17B681B68DA687B681B68B3
:108F500022F08002DA607B681B68DA687B681B6835
:108F600042F04002DA60002300E002231846143782
:108F7000BD465DF8047B704780B582B000AF786075
:108F80007B681B68DA687B681B6822F04002DA6045
:108F90007B68202283F841207868FFF7CFFC00230C
:108FA00018460837BD4680BD80B58CB000AF7860EC
:108FB0000023FB620023BB627B6893F84230DBB284
:108FC000222B40F0AA807B689B68B3F5805F15D1A7
:108FD0007B681B69002B11D17B689B6ABB627B6835
:108FE0001B685B689BB2C3F308039AB2BB6A1A8022
:108FF0007B689B6A9A1C7B689A6224E07B689B6A08
:10900000FB627B689B68B3F5805F07D07B689B68D9
:10901000002B0AD17B681B69002B06D17B681B687B
:109020005B68DAB2FB6A1A7008E07B681B685B68F1
:10903000DBB203F07F03DAB2FB6A1A707B689B6ACB
:109040005A1C7B689A627B68DB8D9BB2013B9BB2AA
:109050007A681946D185002B5DD17B681B68DA6878
:109060007B681B6822F02002DA607B681B68DA6884
:109070007B681B6822F48072DA607B681B685A691F
:109080007B681B6822F001025A617B68202283F80A
:1090900042207B6800225A637B681B6B012B35D111
:1090A0007B6800221A637B681B680C337B617B69D9
:1090B00053E8003F3B613B6923F010037B627B6810
:1090C0001B680C337A6A3A62FB61F9693A6A41E8D3
:1090D0000023BB61BB69002BE5D17B681B681B6863
:1090E00003F01003102B0AD10023FB607B681B6880
:1090F0001B68FB607B681B685B68FB60FB687B68C8
:109100009B8D19467868FFF741FC02E07868FFF70D
:109110001FFC002302E0002300E002231846303742
:10912000BD4680BD2DE9B04FC0B000AFC7F8F40018
:10913000D7F8F4301B681B6923F44050D7F8F4309B
:10914000D968D7F8F4301A6840EA01031361D7F8F8
:10915000F4309A68D7F8F4301B691A43D7F8F43022
:109160005B691A43D7F8F430DB691343C7F8F8306A
:10917000D7F8F4301B68DB6823F4164121F00C01AA
:10918000D7F8F4301A68D7F8F8300B43D360D7F823
:10919000F4301B685B6923F44070D7F8F4309969A8
:1091A000D7F8F4301A6840EA01035361D7F8F43075
:1091B0001A688F4B9A4205D0D7F8F4301A688D4B55
:1091C0009A4204D1FEF73AF8C7F8FC0003E0FEF734
:1091D00021F8C7F8FC00D7F8F430DB69B3F5004F8D
:1091E00040F00C81D7F8FC300022C7F8E830C7F80F
:1091F000EC20D7E93A4522462B469118B9655B41E8
:10920000FB65D7E91623214612EB0108294643EBFB
:1092100001094FF000024FF000034FEAC90343EA8F
:1092200058734FEAC80290469946234618EB030349
:10923000C7F8E0302B4649EB0303C7F8E430D7F812
:10924000F4305B680022C7F8D830C7F8DC20D7E9D3
:1092500036120B46DB183B65134642EB03037B6576
:10926000D7E91423D7E93801F7F730FC02460B465B
:10927000614BA3FB02235B091C01D7F8FC300022E1
:10928000C7F8D030C7F8D420D7E9348942464B46D6
:109290009118B9645B41FB64D7E91223414612EB94
:1092A000010A494643EB010B4FF000024FF0000367
:1092B0004FEACB0343EA5A734FEACA0292469B46EF
:1092C00043461AEB0303C7F8C8304B464BEB030386
:1092D000C7F8CC30D7F8F4305B680022C7F8C0304C
:1092E000C7F8C420D7E930120B46DB183B6413469D
:1092F00042EB03037B64D7E91023D7E93201F7F788
:10930000E5FB02460B4611463B4BA3FB01235B09E1
:10931000642202FB03F3CB1ADB0003F13202364B6B
:10932000A3FB02235B095B0003F4F8731C44D7F82A
:10933000FC300022C7F8B830C7F8BC20D7E92E8926
:1093400042464B469118B9635B41FB63D7E90E2354
:1093500041465118396349464B417B634FF0000247
:109360004FF00003D7E90CAB5946CB00514643EA16
:1093700051735146CA0010461946034642469B188F
:10938000C7F8B0304B460A4642EB0303C7F8B43087
:10939000D7F8F4305B680022C7F8A830C7F8AC20D3
:1093A000D7E92A120B46DB18BB62134642EB0303D4
:1093B000FB62D7E90A23D7E92C01F7F787FB0246BE
:1093C0000B460D4BA3FB02135B09642101FB03F366
:1093D000D31ADB003233084AA2FB03235B0903F0F4
:1093E0000702D7F8F4301B6822449A6006E100BFF8
:1093F00000100140001401401F85EB51D7F8FC30EC
:109400000022C7F8A030C7F8A420D7E9288942462F
:109410004B46911839625B417B62D7E9082341468C
:109420005418494643EB01054FF000024FF000038A
:10943000EB0043EA5473E20014461D464346E3182A
:10944000C7F898304B4645EB0303C7F89C30D7F874
:10945000F4305B680022C7F89030C7F894204FF0D2
:1094600000024FF00003D7E9244529468B0021462E
:1094700043EA917321468A00D7E92601F7F726FBD4
:1094800002460B46604BA3FB02235B091C01D7F885
:10949000FC300022C7F88830C7F88C20D7E9228931
:1094A00042464B469118B9615B41FB61D7E90623FF
:1094B00041465118396149464B417B614FF00002EA
:1094C0004FF00003D7E904AB5946CB00514643EABD
:1094D00051735146CA0010461946034642469B182E
:1094E000C7F880304B460A4642EB0303C7F8843086
:1094F000D7F8F4305B680022BB67FA674FF00002D0
:109500004FF00003D7E91E8949468B00414643EAE4
:10951000917341468A00D7E92001F7F7D7FA02464E
:109520000B461146384BA3FB01235B09642202FB67
:1095300003F3CB1A1B013233334AA2FB03235B092B
:1095400003F0F0031C44D7F8FC3000223B677A6735
:10955000D7E91C8942464B469118B9605B41FB60D4
:10956000D7E9022341465118396049464B417B6097
:109570004FF000024FF00003D7E900AB5946CB0093
:10958000514643EA51735146CA00104619460346F4
:1095900042469B18BB664B460A4642EB0303FB66FA
:1095A000D7F8F4305B6800223B667A664FF0000221
:1095B0004FF00003D7E9188949468B00414643EA3A
:1095C000917341468A00D7E91A01F7F77FFA0246FC
:1095D0000B460D4BA3FB02135B09642101FB03F354
:1095E000D31A1B013233084AA2FB03235B0903F0A1
:1095F0000F02D7F8F4301B6822449A6000BF07F5C9
:109600008077BD46BDE8B08F1F85EB511FB514466E
:109610001A46094B1B680546D8684CB1074B0091A8
:10962000CDE9013406492B4600F060F900F06BFAF1
:10963000044B1C46F3E700BF2C00002020A70008C5
:109640002DA700085BA7000870B50F4E0C463168C7
:10965000054611B900F0FAF930602146284600F0BD
:10966000F5F9431C03D14FF0FF34204670BDC41CF4
:1096700024F00304A042F8D0211A284600F0E6F9AD
:109680000130F2D1EFE700BFE01800202DE9F843E8
:10969000CD1C25F0030508350C2D38BF0C25002DF9
:1096A000064601DBA94204D90C2333600020BDE843
:1096B000F883DFF8D48000F069F8D8F800301C4651
:1096C00044BB29463046FFF7BFFF431C044658D130
:1096D000D8F800402746002F43D1002C4BD02368F8
:1096E0003946304604EB030900F0B0F9814542D118
:1096F00021686D1A29463046FFF7A6FF01303AD09F
:1097000023682B442360D8F800305A6862BBC8F83D
:1097100000700FE02268521B20D40B2A17D9611960
:10972000A342256018BF5960636808BFC8F80010DD
:1097300062514B60304600F02FF804F10B00231DFE
:1097400020F00700C21A1CBF1B1AA350AFE76268C3
:10975000A3420CBFC8F800205A60EBE723466468B8
:10976000AEE73C467F68B6E71A465B68A342FBD18A
:1097700000235360DEE70C233360304600F00CF822
:1097800094E70560D6E700BFE4180020014800F028
:10979000AAB900BF281A0020014800F0A5B900BFEF
:1097A000281A0020002310B50446C0E90033C0E9A0
:1097B0000433836081814366C28183611946082234
:1097C0005C3000F006F90D4B63620D4BA3620D4B4C
:1097D000E3620D4B23630D4B24629C4206D003F1E0
:1097E0006802944202D0D0339C4205D104F1580063
:1097F000BDE8104000F076B910BD00BF4D990008DB
:109800006F990008A7990008CB990008E818002074
:10981000024A0349034800F07BB800BF2000002043
:109820004DA200083000002041680C4B994210B551
:10983000044601D000F00AFDA168094B994202D00C
:10984000204600F003FDE168064B994204D0204613
:10985000BDE8104000F0FABC10BD00BFE8180020C1
:1098600050190020B819002010B50B4B0B4C0C4AB6
:109870001A60204600220421FFF794FF04F16800DB
:1098800001220921FFF78EFF04F1D0000222BDE87A
:1098900010401221FFF786BF201A0020E818002090
:1098A00011980008014800F01EB900BF291A0020D5
:1098B000014800F019B900BF291A002010B504466C
:1098C000FFF7F0FF236A1BB1BDE81040FFF7F0BFC0
:1098D000044B2362044B1B68002BF5D1FFF7C4FF38
:1098E000F2E700BF29980008201A00200EB403B543
:1098F000014603AB054853F8042B0068019300F0C0
:109900007DF902B05DF804EB03B070472C00002035
:109910002DE9F8430746884614460026D4E9019508
:10992000B9F1010905D52468002CF7D13046BDE80E
:10993000F883AB89012B07D9B5F90E30013303D079
:1099400029463846C04706436835E9E710B50C4656
:10995000B1F90E1000F068F80028ABBF636DA38961
:109960001B1823F48053ACBF6365A38110BD2DE9A0
:10997000F0411F468B89DB0505460C46164605D58A
:10998000B1F90E100223002200F03CF8A389B4F9CB
:109990000E1023F48053A38132463B462846BDE88F
:1099A000F04100F063B810B50C46B1F90E1000F0AC
:1099B00029F8431CA38915BF606523F4805343F441
:1099C0008053A38118BFA38110BDB1F90E1000F020
:1099D00009B802440346934200D1704703F8011BC3
:1099E000F9E7000038B5064D0023044608462B6011
:1099F000FAF74EFE431C02D12B6803B1236038BD39
:109A0000241A002038B5074D0446084611460022A6
:109A10002A601A46FAF763FE431C02D12B6803B191
:109A2000236038BD241A002038B5074D0446084687
:109A3000114600222A601A46FAF7F1FD431C02D1B2
:109A40002B6803B1236038BD241A002038B5064DB9
:109A50000023044608462B60FAF74EFE431C02D151
:109A60002B6803B1236038BD241A002038B5074D98
:109A700004460846114600222A601A46FAF7ECFD11
:109A8000431C02D12B6803B1236038BD241A002087
:109A9000014B1868704700BF2C00002070B50D4DB9
:109AA0000D4C641BA4100026A64209D10B4D0C4C92
:109AB00000F050FD641BA4100026A64205D170BD25
:109AC00055F8043B98470136EEE755F8043B9847B4
:109AD0000136F2E798A7000898A7000898A70008A1
:109AE0009CA700087047704770470A44914200F1F4
:109AF000FF3300D1704710B511F8014B03F8014F47
:109B00009142F9D110BD08B5062000F083FC012078
:109B1000FAF77AFD38B50546002941D051F8043CE2
:109B20000C1F002BB8BFE418FFF730FE1D4A136866
:109B300033B9636014602846BDE83840FFF72CBE97
:109B4000A34208D9206821188B4201BF19685B68BD
:109B500009182160EDE71A465B680BB1A342FAD9F8
:109B600011685018A0420BD120680144501883425C
:109B70001160E0D118685B68536008441060DAE750
:109B800002D90C232B60D6E7206821188B4204BF32
:109B900019685B68636004BF091821605460CAE7F4
:109BA00038BD00BFE41800209368013B002B10B4BF
:109BB000936008DA9469A34201DB0A2903D15DF8B6
:109BC000044B00F06BBB1368581C106019700846FA
:109BD0005DF8044B7047F8B506460F461446D51895
:109BE000AC4201D1002007E014F8011B3A46304690
:109BF000FFF7DAFF431CF3D1F8BD00002DE9F04F69
:109C00000D469DB014469846064618B1036A0BB936
:109C1000FFF754FE6B6ED90705D4AB899A0502D4C1
:109C2000A86DFFF760FFAB891B0701D52B699BB9B6
:109C30002946304600F070FB70B16B6EDC0704D52E
:109C40004FF0FF301DB0BDE8F08FAB899805F7D419
:109C5000A86DFFF749FFF3E70023099320238DF850
:109C60002930CDF80C803023DFF8AC818DF82A3014
:109C70004FF0010923469A4613F8012B0AB1252A11
:109C8000F9D1BAEB040B0BD05B462246294630468D
:109C9000FFF7A1FF013000F0A780099A5A4409920A
:109CA0009AF80030002B00F09F8000234FF0FF3225
:109CB000CDE905230AF1010A049307938DF8533087
:109CC0001A935446052214F8011B5348F6F790FAEC
:109CD000049AD8B9D10644BF20238DF85330130716
:109CE00044BF2B238DF853309AF800302A2B15D01F
:109CF000079A544600204FF00A0C214611F8013B08
:109D0000303B092B4BD9B0B1079214E0A0EB08030C
:109D100009FA03F313430493A246D2E7039B191DE8
:109D20001B680391002BBBBF5B4242F0020207930A
:109D30000793B8BF049223782E2B0AD163782A2B7D
:109D400032D1039B1A1D1B68039243EAE37302346A
:109D50000593DFF8D4A0217803225046F6F748FA9D
:109D600038B1049BA0EB0A00402282401343013427
:109D7000049314F8011B29488DF828100622F6F7E1
:109D800037FA00283FD0264B1BBB039B073323F039
:109D9000070308330393099B3B4409936AE70CFBD1
:109DA00002320C460120A8E700230134059319462E
:109DB0004FF00A0C204610F8012B303A092A03D93B
:109DC000002BC6D00591C4E70CFB012104460123FA
:109DD000F0E703AB00932A46124B04A93046AFF3D9
:109DE00000800746781CD6D16B6ED90705D4AB89A5
:109DF0009A0502D4A86DFFF777FEAB895B063FF5A5
:109E00001FAF09981EE703AB00932A46054B04A930
:109E1000304600F079F8E4E75CA7000866A7000880
:109E200000000000D79B000862A700082DE9F0475A
:109E3000164698468A680B69DDF820909342B8BFB1
:109E40001346336091F8432007460C460AB10133AC
:109E500033602368990642BF336802333360256854
:109E600015F0060506D104F1190AE36832689B1A59
:109E7000AB4226DC94F843302268003B18BF012334
:109E800092062BD404F1430241463846C8470130BC
:109E90001ED02368226903F00603042B02BFE56885
:109EA0003368ED1AA3680CBF25EAE57500259342D7
:109EB000C4BF9B1AED1800261A34B5421AD10020EF
:109EC00008E00123524641463846C847013003D1D5
:109ED0004FF0FF30BDE8F0870135C6E7E1185A1CA6
:109EE000302081F84300224494F8451082F8431052
:109EF0000233C7E70123224641463846C8470130AE
:109F0000E6D00136D9E700002DE9FF470F7E0C9E11
:109F1000782F914680460C469A4601F1430207D8B5
:109F2000622F0AD8002F00F0D180582F00F0B8809F
:109F300004F1420684F842703AE0A7F16303152B5E
:109F4000F6D801A151F823F0A19F0008B59F0008A1
:109F5000319F0008319F0008319F0008319F0008A1
:109F6000B59F0008319F0008319F0008319F00080D
:109F7000319F0008B3A00008DF9F00086DA0000813
:109F8000319F0008319F0008D5A00008319F0008CC
:109F9000DF9F0008319F0008319F000875A000086E
:109FA00033681A1D1B68326004F1420684F842309F
:109FB00001239CE033682068191D3160060601D535
:109FC0001D6803E04506FBD5B3F90050002D03DA08
:109FD0002D236D4284F8433058480A2311E021684C
:109FE0003368080653F8045B02D4490648BFADB293
:109FF0006F2F5248336014BF0A230823002184F8CE
:10A0000043106668A660002E05DB21682E4321F010
:10A01000040121604BD01646B5FBF3F103FB115749
:10A02000C75D06F8017D2F46BB420D46F4D9082BCB
:10A030000BD12368DF0708D5236961689942DEBF29
:10A04000302306F8013C06F1FF36921B2261CDF861
:10A0500000A04B4603AA21464046FFF7E7FE013029
:10A060004AD14FF0FF3004B0BDE8F087236843F0D9
:10A07000200323603248782784F8457023683168CC
:10A080001F0651F8045B02D45F0648BFADB23160D1
:10A09000D90744BF43F0200323601DB11023ADE76F
:10A0A0002648E9E7236823F020032360F6E71646F5
:10A0B000BDE7336825686169181D30602E061B688E
:10A0C00001D5196002E06806FBD5198000232361E1
:10A0D0001646BCE733681A1D32601E6862680021AC
:10A0E0003046F6F785F808B1801B6060636823612D
:10A0F000002384F84330AAE72369324649464046A4
:10A10000D0470130ADD023689B0713D4E068039B90
:10A110009842B8BF1846A6E7012332464946404652
:10A12000D04701309DD00135E36803995B1AAB42FB
:10A13000F2DCEBE7002504F11906F5E76DA700084E
:10A140007EA70008B1F90C202DE9F041160705465D
:10A150000C4654D44B68002B02DC0B6C002B48DD02
:10A16000E66A002E45D0002312F480522F68216A3F
:10A170002B6030D0626DA389590705D56368D21A68
:10A18000636B0BB1236CD21A0023E66A216A28465E
:10A19000B047431CA38906D129681D292BD82A4A18
:10A1A000CA40D60727D500226260D90422692260FE
:10A1B00004D5421C01D12B6803B96065616B2F6027
:10A1C000B9B104F14403994202D02846FFF7A2FC3A
:10A1D000002363630DE001232846B0470246501C6C
:10A1E000C9D12B68002BC6D01D2B01D0162B1ED138
:10A1F0002F60002022E043F040031BB21BE00F69F8
:10A20000002FF6D093070E6808BF4B690F6018BF88
:10A210000023A6EB07088B60B8F1000FE9DD216A87
:10A22000A66A43463A462846B047002808DCB4F9F7
:10A230000C3043F04003A3814FF0FF30BDE8F081C4
:10A240000744A8EB0008E7E70100402038B50B6998
:10A2500005460C4613B90025284638BD18B1036AD7
:10A260000BB9FFF72BFBB4F90C30002BF3D0626E67
:10A27000D00704D4990502D4A06DFFF734FC28461A
:10A280002146FFF75FFF636EDA070546E4D4A38932
:10A290009B05E1D4A06DFFF727FCDDE7F8B50E467E
:10A2A0001446054618B1036A0BB9FFF707FBA3690B
:10A2B000A360A3891A0701D5236943B9214628461B
:10A2C00000F02AF818B14FF0FF373846F8BD236880
:10A2D0002269981A6369F6B28342374605DC214643
:10A2E0002846FFF7B3FF0028EDD1A368013BA36028
:10A2F00023685A1C22601E706269431C9A4204D073
:10A30000A389DB07E1D50A2EDFD121462846FFF7D6
:10A310009DFF0028D9D0D6E738B5294B05461868E7
:10A320000C4618B1036A0BB9FFF7C8FAB4F90C3040
:10A33000190722D4DA0607D409222A6043F0400321
:10A34000A3814FF0FF3033E0580712D5616B41B164
:10A3500004F14403994202D02846FFF7DBFB0023B7
:10A360006363A38923F02403A3810023636023692B
:10A370002360A38943F00803A38123694BB9A38910
:10A3800003F42073B3F5007F03D02146284600F084
:10A3900083F8B4F90C3013F001020AD00022A26055
:10A3A00062695242A261226942B913F08000C5D1AC
:10A3B00038BD990758BF6269A260F4E70020F7E74B
:10A3C0002C0000201F2938B505460C4604D9162359
:10A3D00003604FF0FF3038BDC26B12B152F821302C
:10A3E0004BB9284600F030F8224601462846BDE821
:10A3F000384000F017B8012B0AD0591C03D116239E
:10A4000003600120E7E7002142F824102046984726
:10A410000020E0E7024B01461868FFF7D3BF00BFFA
:10A420002C00002038B5074D00230446084611468D
:10A430002B60FAF7D9F8431C02D12B6803B12360D3
:10A4400038BD00BF241A0020FAF7C6B870B50C4614
:10A45000B1F90E10002996B015461E460DDAA389F3
:10A4600013F0800F4FF0000114BF40234FF48063BE
:10A47000002031602B6016B070BD6A4600F048F8CD
:10A480000028ECDB019901F47041A1F50053594219
:10A4900059414FF48063EBE78B89F7B59D0706467A
:10A4A0000C4607D504F14703236023610123636150
:10A4B00003B0F0BD01AB6A46FFF7C8FF009F054639
:10A4C00039463046FFF7E2F848B9B4F90C309A053E
:10A4D000EED423F0030343F00203A381E2E7A38950
:10A4E000206043F08003A381019BC4E904075BB1B2
:10A4F000B4F90E10304600F01DF828B1A38923F0FE
:10A50000030343F00103A381A3891D43A581CFE782
:10A5100038B5074D00230446084611462B60FAF76C
:10A52000C3F8431C02D12B6803B1236038BD00BFC0
:10A53000241A002038B5064D0023044608462B6037
:10A54000FAF7C2F8431C02D12B6803B1236038BD6F
:10A55000241A0020F8B500BFF8BC08BC9E4670471E
:0CA56000F8B500BFF8BC08BC9E46704770
:10A56C002833202D20746D7029203C2034000000ED
:10A57C002E2E2F436F72652F5372632F666C61738F
:10A58C00685F73746F726167652E63004144435F4B
:10A59C003120496E6974204661696C65640D0A004E
:10A5AC004144435F3120636F6D706C65746564204A
:10A5BC00696E6974204F4B0D0A0000004144435FE3
:10A5CC003220496E6974204661696C65640D0A001D
:10A5DC004144435F3220636F6D706C657465642019
:10A5EC00696E6974204F4B0D0A0000004461746160
:10A5FC00205472616E73666F726D6174696F6E2038
:10A60C004C6179657220496E6974204F4B0D0A00BC
:10A61C00466C6F617446696C74657220496E69741E
:10A62C00204F4B0D0A0000004C484137363638207D
:10A63C004F4B0D0A000000002D2D2D2052533438A5
:10A64C00352073656C662D74657374202D2D2D0D5E
:10A65C000A0000005253343835204F4B20285553F4
:10A66C004152542B444D41290D0A000052533438A9
:10A67C0035204641494C0D0A000000002E0D0A0001
:10A68C005A65726F2063616C696220646F6E65201D
:10A69C00E2809420736176656420746F20466C614F
:10A6AC0073680D0A00000000666C6173685F6C6F64
:10A6BC0061645F616C6C000001020303020103031F
:10A6CC00010202020202020202020202020202025F
:10A6DC000202020202020202020303030303030347
:10A6EC00030303030303030303030303030303032E
:10A6FC000300000000000000000000000102030441
:10A70C0006070809000000000102030400061016E9
:10A71C00000610162C2066756E6374696F6E3A20F5
:10A72C0000617373657274696F6E20222573222029
:10A73C006661696C65643A2066696C6520222573D4
:10A74C00222C206C696E65202564257325730A0004
:10A75C00232D302B2000686C4C00656667454647FE
:10A76C000030313233343536373839414243444581
:10A77C0046003031323334353637383961626364F0
:04A78C0065660000FE
:08A79000505AFF7F0100000098
:04A79800C5010008EF
:04A79C00A10100080F
:10A7A00048532D3031323334353637000000000045
:10A7B000000100000024F40010000000010000006F
:10A7C0000000000003000000E81800203000002016
:10A7D00000000000E818002050190020B8190020DF
:10A7E0000000000000000000000000000000000069
:10A7F0000000000000000000000000000000000059
:10A800000000000000000000000000000000000048
:0CA810000000000000000000000000003C
:0400000508004A099C
:00000001FF
